./gradlew: line 23: cd: "./: No such file or directory
Warning: SDK processing. This version only understands SDK XML versions up to 3 but an SDK XML file of version 4 was encountered. This can happen if you use versions of Android Studio and the command-line tools that were released at different times.
> Task :clean
> Task :animation:clean
> Task :app:clean
> Task :custom:clean
> Task :CustomToast:clean UP-TO-DATE
> Task :customview:clean UP-TO-DATE
> Task :device:clean UP-TO-DATE
> Task :event:clean UP-TO-DATE
> Task :filedialog:clean UP-TO-DATE
> Task :group:clean UP-TO-DATE
> Task :hezi:clean
> Task :junior:clean UP-TO-DATE
> Task :media:clean UP-TO-DATE
> Task :middle:clean UP-TO-DATE

> Task :mixture:externalNativeBuildCleanDebug
Clean jni_mix-x86

> Task :mixture:externalNativeBuildCleanRelease
> Task :mixture:clean
> Task :network:clean UP-TO-DATE
> Task :performance:clean UP-TO-DATE
> Task :senior:clean UP-TO-DATE
> Task :storage:clean UP-TO-DATE
> Task :test:clean UP-TO-DATE
> Task :util:clean UP-TO-DATE
> Task :weixin:clean UP-TO-DATE
> Task :animation:preBuild UP-TO-DATE
> Task :animation:preDebugBuild UP-TO-DATE
> Task :animation:mergeDebugNativeDebugMetadata NO-SOURCE
> Task :animation:compileDebugAidl NO-SOURCE
> Task :animation:compileDebugRenderscript NO-SOURCE
> Task :animation:generateDebugBuildConfig
> Task :animation:javaPreCompileDebug
> Task :animation:generateDebugResValues
> Task :animation:checkDebugAarMetadata
> Task :animation:mapDebugSourceSetPaths
> Task :animation:generateDebugResources
> Task :animation:createDebugCompatibleScreenManifests
> Task :animation:extractDeepLinksDebug

> Task :animation:processDebugMainManifest
package="com.example.animation" found in source AndroidManifest.xml: D:\code\AndroidDemo\animation\src\main\AndroidManifest.xml.
Setting the namespace via a source AndroidManifest.xml's package attribute is deprecated.
Please instead set the namespace (or testNamespace) in the module's build.gradle file, as described here: https://developer.android.com/studio/build/configure-app-module#set-namespace
This migration can be done automatically using the AGP Upgrade Assistant, please refer to https://developer.android.com/studio/build/agp-upgrade-assistant for more information.

> Task :animation:processDebugManifest
> Task :animation:mergeDebugShaders
> Task :animation:compileDebugShaders NO-SOURCE
> Task :animation:generateDebugAssets UP-TO-DATE
> Task :animation:mergeDebugAssets
> Task :animation:compressDebugAssets
> Task :animation:processDebugJavaRes NO-SOURCE
> Task :animation:mergeDebugResources
> Task :animation:checkDebugDuplicateClasses
> Task :animation:mergeDebugJavaResource
> Task :animation:desugarDebugFileDependencies
> Task :animation:mergeDebugJniLibFolders
> Task :animation:mergeLibDexDebug
> Task :animation:mergeDebugNativeLibs NO-SOURCE
> Task :animation:stripDebugDebugSymbols NO-SOURCE
> Task :animation:validateSigningDebug
> Task :animation:writeDebugAppMetadata
> Task :animation:writeDebugSigningConfigVersions
> Task :animation:preReleaseBuild UP-TO-DATE
> Task :animation:compileReleaseAidl NO-SOURCE
> Task :animation:compileReleaseRenderscript NO-SOURCE
> Task :animation:generateReleaseBuildConfig
> Task :animation:javaPreCompileRelease
> Task :animation:checkReleaseAarMetadata
> Task :animation:generateReleaseResValues
> Task :animation:mapReleaseSourceSetPaths
> Task :animation:generateReleaseResources
> Task :animation:createReleaseCompatibleScreenManifests
> Task :animation:extractDeepLinksRelease

> Task :animation:processReleaseMainManifest
package="com.example.animation" found in source AndroidManifest.xml: D:\code\AndroidDemo\animation\src\main\AndroidManifest.xml.
Setting the namespace via a source AndroidManifest.xml's package attribute is deprecated.
Please instead set the namespace (or testNamespace) in the module's build.gradle file, as described here: https://developer.android.com/studio/build/configure-app-module#set-namespace
This migration can be done automatically using the AGP Upgrade Assistant, please refer to https://developer.android.com/studio/build/agp-upgrade-assistant for more information.

> Task :animation:processReleaseManifest
> Task :animation:extractProguardFiles
> Task :animation:mergeReleaseJniLibFolders
> Task :animation:mergeReleaseNativeLibs NO-SOURCE
> Task :animation:stripReleaseDebugSymbols NO-SOURCE
> Task :animation:extractReleaseNativeSymbolTables NO-SOURCE
> Task :animation:mergeReleaseNativeDebugMetadata NO-SOURCE
> Task :animation:checkReleaseDuplicateClasses
> Task :animation:desugarReleaseFileDependencies
> Task :animation:mergeExtDexDebug
> Task :animation:mergeReleaseResources
> Task :animation:mergeReleaseShaders
> Task :animation:compileReleaseShaders NO-SOURCE
> Task :animation:generateReleaseAssets UP-TO-DATE
> Task :animation:mergeReleaseAssets
> Task :animation:compressReleaseAssets
> Task :animation:processReleaseJavaRes NO-SOURCE
> Task :animation:collectReleaseDependencies
> Task :animation:sdkReleaseDependencyData
> Task :animation:writeReleaseAppMetadata
> Task :animation:writeReleaseSigningConfigVersions
> Task :animation:preDebugAndroidTestBuild SKIPPED
> Task :animation:processDebugAndroidTestManifest
> Task :animation:compileDebugAndroidTestRenderscript NO-SOURCE
> Task :animation:generateDebugAndroidTestResValues
> Task :animation:preDebugUnitTestBuild UP-TO-DATE
> Task :animation:processDebugUnitTestJavaRes NO-SOURCE
> Task :animation:preReleaseUnitTestBuild UP-TO-DATE
> Task :animation:javaPreCompileDebugUnitTest
> Task :animation:javaPreCompileReleaseUnitTest
> Task :animation:processReleaseUnitTestJavaRes NO-SOURCE
> Task :app:preBuild UP-TO-DATE
> Task :app:preDebugBuild UP-TO-DATE
> Task :app:mergeDebugNativeDebugMetadata NO-SOURCE
> Task :animation:mergeReleaseArtProfile
> Task :app:compileDebugAidl NO-SOURCE
> Task :app:checkKotlinGradlePluginConfigurationErrors
> Task :app:compileDebugRenderscript NO-SOURCE
> Task :animation:mergeReleaseJavaResource
> Task :animation:mergeExtDexRelease
> Task :animation:processDebugManifestForPackage
> Task :app:dataBindingMergeDependencyArtifactsDebug
> Task :app:generateDebugResValues
> Task :app:generateDebugResources
> Task :app:generateDebugBuildConfig
> Task :app:checkDebugAarMetadata
> Task :app:mapDebugSourceSetPaths
> Task :app:createDebugCompatibleScreenManifests
> Task :app:extractDeepLinksDebug
> Task :app:mergeDebugResources

> Task :app:processDebugMainManifest
package="com.example.helloworld" found in source AndroidManifest.xml: D:\code\AndroidDemo\app\src\main\AndroidManifest.xml.
Setting the namespace via a source AndroidManifest.xml's package attribute is deprecated.
Please instead set the namespace (or testNamespace) in the module's build.gradle file, as described here: https://developer.android.com/studio/build/configure-app-module#set-namespace
This migration can be done automatically using the AGP Upgrade Assistant, please refer to https://developer.android.com/studio/build/agp-upgrade-assistant for more information.

> Task :app:dataBindingGenBaseClassesDebug
> Task :app:processDebugManifest
> Task :app:javaPreCompileDebug
> Task :app:mergeDebugShaders
> Task :app:compileDebugShaders NO-SOURCE
> Task :app:generateDebugAssets UP-TO-DATE
> Task :app:mergeDebugAssets
> Task :app:processDebugJavaRes NO-SOURCE
> Task :app:compressDebugAssets
> Task :app:checkDebugDuplicateClasses
> Task :app:desugarDebugFileDependencies

> Task :app:mergeExtDexDebug
ERROR:D8: com.android.tools.r8.kotlin.H
ERROR:D8: com.android.tools.r8.kotlin.H

> Task :app:mergeExtDexDebug FAILED
> Task :animation:processReleaseManifestForPackage
> Task :app:processDebugManifestForPackage

FAILURE: Build failed with an exception.

* What went wrong:
Execution failed for task ':app:mergeExtDexDebug'.
> Could not resolve all files for configuration ':app:debugRuntimeClasspath'.
   > Failed to transform okio-jvm-3.6.0.jar (com.squareup.okio:okio-jvm:3.6.0) to match attributes {artifactType=android-dex, asm-transformed-variant=NONE, dexing-enable-desugaring=true, dexing-enable-jacoco-instrumentation=false, dexing-is-debuggable=true, dexing-min-sdk=23, org.gradle.category=library, org.gradle.libraryelements=jar, org.gradle.status=release, org.gradle.usage=java-runtime, org.jetbrains.kotlin.platform.type=jvm}.
      > Execution failed for DexingWithClasspathTransform: D:\code\AndroidDemo\.gradle-user-home\caches\transforms-3\78da79b41b0202d9e19b5c5ab5893579\transformed\jetified-okio-jvm-3.6.0.jar.
         > Error while dexing.
   > Failed to transform kotlin-stdlib-1.9.22.jar (org.jetbrains.kotlin:kotlin-stdlib:1.9.22) to match attributes {artifactType=android-dex, asm-transformed-variant=NONE, dexing-enable-desugaring=true, dexing-enable-jacoco-instrumentation=false, dexing-is-debuggable=true, dexing-min-sdk=23, org.gradle.category=library, org.gradle.jvm.environment=standard-jvm, org.gradle.libraryelements=jar, org.gradle.status=release, org.gradle.usage=java-runtime, org.jetbrains.kotlin.platform.type=jvm}.
      > Execution failed for DexingWithClasspathTransform: D:\code\AndroidDemo\.gradle-user-home\caches\transforms-3\753ae822a724eca31cf09db0a7157c90\transformed\jetified-kotlin-stdlib-1.9.22.jar.
         > Error while dexing.

* Try:
> Run with --info or --debug option to get more log output.
> Run with --scan to get full insights.

* Exception is:
org.gradle.api.tasks.TaskExecutionException: Execution failed for task ':app:mergeExtDexDebug'.
	at org.gradle.api.internal.tasks.execution.CatchExceptionTaskExecuter.execute(CatchExceptionTaskExecuter.java:38)
	at org.gradle.api.internal.tasks.execution.EventFiringTaskExecuter$1.executeTask(EventFiringTaskExecuter.java:77)
	at org.gradle.api.internal.tasks.execution.EventFiringTaskExecuter$1.call(EventFiringTaskExecuter.java:55)
	at org.gradle.api.internal.tasks.execution.EventFiringTaskExecuter$1.call(EventFiringTaskExecuter.java:52)
	at org.gradle.internal.operations.DefaultBuildOperationRunner$CallableBuildOperationWorker.execute(DefaultBuildOperationRunner.java:204)
	at org.gradle.internal.operations.DefaultBuildOperationRunner$CallableBuildOperationWorker.execute(DefaultBuildOperationRunner.java:199)
	at org.gradle.internal.operations.DefaultBuildOperationRunner$2.execute(DefaultBuildOperationRunner.java:66)
	at org.gradle.internal.operations.DefaultBuildOperationRunner$2.execute(DefaultBuildOperationRunner.java:59)
	at org.gradle.internal.operations.DefaultBuildOperationRunner.execute(DefaultBuildOperationRunner.java:157)
	at org.gradle.internal.operations.DefaultBuildOperationRunner.execute(DefaultBuildOperationRunner.java:59)
	at org.gradle.internal.operations.DefaultBuildOperationRunner.call(DefaultBuildOperationRunner.java:53)
	at org.gradle.internal.operations.DefaultBuildOperationExecutor.call(DefaultBuildOperationExecutor.java:73)
	at org.gradle.api.internal.tasks.execution.EventFiringTaskExecuter.execute(EventFiringTaskExecuter.java:52)
	at org.gradle.execution.plan.LocalTaskNodeExecutor.execute(LocalTaskNodeExecutor.java:69)
	at org.gradle.execution.taskgraph.DefaultTaskExecutionGraph$InvokeNodeExecutorsAction.execute(DefaultTaskExecutionGraph.java:327)
	at org.gradle.execution.taskgraph.DefaultTaskExecutionGraph$InvokeNodeExecutorsAction.execute(DefaultTaskExecutionGraph.java:314)
	at org.gradle.execution.taskgraph.DefaultTaskExecutionGraph$BuildOperationAwareExecutionAction.execute(DefaultTaskExecutionGraph.java:307)
	at org.gradle.execution.taskgraph.DefaultTaskExecutionGraph$BuildOperationAwareExecutionAction.execute(DefaultTaskExecutionGraph.java:293)
	at org.gradle.execution.plan.DefaultPlanExecutor$ExecutorWorker.execute(DefaultPlanExecutor.java:417)
	at org.gradle.execution.plan.DefaultPlanExecutor$ExecutorWorker.run(DefaultPlanExecutor.java:339)
	at org.gradle.execution.plan.DefaultPlanExecutor.process(DefaultPlanExecutor.java:96)
	at org.gradle.execution.taskgraph.DefaultTaskExecutionGraph.executeWithServices(DefaultTaskExecutionGraph.java:140)
	at org.gradle.execution.taskgraph.DefaultTaskExecutionGraph.execute(DefaultTaskExecutionGraph.java:125)
	at org.gradle.execution.SelectedTaskExecutionAction.execute(SelectedTaskExecutionAction.java:39)
	at org.gradle.execution.DryRunBuildExecutionAction.execute(DryRunBuildExecutionAction.java:51)
	at org.gradle.execution.BuildOperationFiringBuildWorkerExecutor$ExecuteTasks.call(BuildOperationFiringBuildWorkerExecutor.java:54)
	at org.gradle.execution.BuildOperationFiringBuildWorkerExecutor$ExecuteTasks.call(BuildOperationFiringBuildWorkerExecutor.java:43)
	at org.gradle.internal.operations.DefaultBuildOperationRunner$CallableBuildOperationWorker.execute(DefaultBuildOperationRunner.java:204)
	at org.gradle.internal.operations.DefaultBuildOperationRunner$CallableBuildOperationWorker.execute(DefaultBuildOperationRunner.java:199)
	at org.gradle.internal.operations.DefaultBuildOperationRunner$2.execute(DefaultBuildOperationRunner.java:66)
	at org.gradle.internal.operations.DefaultBuildOperationRunner$2.execute(DefaultBuildOperationRunner.java:59)
	at org.gradle.internal.operations.DefaultBuildOperationRunner.execute(DefaultBuildOperationRunner.java:157)
	at org.gradle.internal.operations.DefaultBuildOperationRunner.execute(DefaultBuildOperationRunner.java:59)
	at org.gradle.internal.operations.DefaultBuildOperationRunner.call(DefaultBuildOperationRunner.java:53)
	at org.gradle.internal.operations.DefaultBuildOperationExecutor.call(DefaultBuildOperationExecutor.java:73)
	at org.gradle.execution.BuildOperationFiringBuildWorkerExecutor.execute(BuildOperationFiringBuildWorkerExecutor.java:40)
	at org.gradle.internal.build.DefaultBuildLifecycleController.lambda$executeTasks$7(DefaultBuildLifecycleController.java:161)
	at org.gradle.internal.model.StateTransitionController.doTransition(StateTransitionController.java:247)
	at org.gradle.internal.model.StateTransitionController.lambda$tryTransition$7(StateTransitionController.java:174)
	at org.gradle.internal.work.DefaultSynchronizer.withLock(DefaultSynchronizer.java:44)
	at org.gradle.internal.model.StateTransitionController.tryTransition(StateTransitionController.java:174)
	at org.gradle.internal.build.DefaultBuildLifecycleController.executeTasks(DefaultBuildLifecycleController.java:161)
	at org.gradle.internal.build.DefaultBuildWorkGraphController$DefaultBuildWorkGraph.runWork(DefaultBuildWorkGraphController.java:156)
	at org.gradle.internal.work.DefaultWorkerLeaseService.withLocks(DefaultWorkerLeaseService.java:249)
	at org.gradle.internal.work.DefaultWorkerLeaseService.runAsWorkerThread(DefaultWorkerLeaseService.java:109)
	at org.gradle.composite.internal.DefaultBuildController.doRun(DefaultBuildController.java:164)
	at org.gradle.composite.internal.DefaultBuildController.access$000(DefaultBuildController.java:45)
	at org.gradle.composite.internal.DefaultBuildController$BuildOpRunnable.run(DefaultBuildController.java:183)
	at org.gradle.internal.concurrent.ExecutorPolicy$CatchAndRecordFailures.onExecute(ExecutorPolicy.java:64)
	at org.gradle.internal.concurrent.ManagedExecutorImpl$1.run(ManagedExecutorImpl.java:48)
Caused by: org.gradle.api.internal.artifacts.ivyservice.DefaultLenientConfiguration$ArtifactResolveException: Could not resolve all files for configuration ':app:debugRuntimeClasspath'.
	at org.gradle.api.internal.artifacts.configurations.DefaultConfiguration.rethrowFailure(DefaultConfiguration.java:1524)
	at org.gradle.api.internal.artifacts.configurations.DefaultConfiguration.access$3700(DefaultConfiguration.java:159)
	at org.gradle.api.internal.artifacts.configurations.DefaultConfiguration$DefaultResolutionHost.rethrowFailure(DefaultConfiguration.java:2174)
	at org.gradle.api.internal.artifacts.configurations.DefaultConfiguration$ConfigurationFileCollection.visitContents(DefaultConfiguration.java:1496)
	at org.gradle.api.internal.file.AbstractFileCollection.visitStructure(AbstractFileCollection.java:375)
	at org.gradle.api.internal.file.CompositeFileCollection.lambda$visitContents$0(CompositeFileCollection.java:119)
	at org.gradle.api.internal.file.collections.UnpackingVisitor.add(UnpackingVisitor.java:64)
	at org.gradle.api.internal.file.collections.UnpackingVisitor.add(UnpackingVisitor.java:89)
	at org.gradle.api.internal.file.DefaultFileCollectionFactory$ResolvingFileCollection.visitChildren(DefaultFileCollectionFactory.java:333)
	at org.gradle.api.internal.file.CompositeFileCollection.visitContents(CompositeFileCollection.java:119)
	at org.gradle.api.internal.file.AbstractFileCollection.visitStructure(AbstractFileCollection.java:375)
	at org.gradle.api.internal.file.CompositeFileCollection.lambda$visitContents$0(CompositeFileCollection.java:119)
	at org.gradle.api.internal.tasks.PropertyFileCollection.visitChildren(PropertyFileCollection.java:48)
	at org.gradle.api.internal.file.CompositeFileCollection.visitContents(CompositeFileCollection.java:119)
	at org.gradle.api.internal.file.AbstractFileCollection.visitStructure(AbstractFileCollection.java:375)
	at org.gradle.internal.fingerprint.impl.DefaultFileCollectionSnapshotter.snapshot(DefaultFileCollectionSnapshotter.java:51)
	at org.gradle.internal.execution.fingerprint.impl.DefaultInputFingerprinter$InputCollectingVisitor.visitInputFileProperty(DefaultInputFingerprinter.java:131)
	at org.gradle.api.internal.tasks.execution.TaskExecution.visitRegularInputs(TaskExecution.java:322)
	at org.gradle.internal.execution.fingerprint.impl.DefaultInputFingerprinter.fingerprintInputProperties(DefaultInputFingerprinter.java:61)
	at org.gradle.internal.execution.steps.CaptureStateBeforeExecutionStep.captureExecutionStateWithOutputs(CaptureStateBeforeExecutionStep.java:193)
	at org.gradle.internal.execution.steps.CaptureStateBeforeExecutionStep.lambda$captureExecutionState$1(CaptureStateBeforeExecutionStep.java:141)
	at org.gradle.internal.execution.steps.BuildOperationStep$1.call(BuildOperationStep.java:37)
	at org.gradle.internal.operations.DefaultBuildOperationRunner$CallableBuildOperationWorker.execute(DefaultBuildOperationRunner.java:204)
	at org.gradle.internal.operations.DefaultBuildOperationRunner$CallableBuildOperationWorker.execute(DefaultBuildOperationRunner.java:199)
	at org.gradle.internal.operations.DefaultBuildOperationRunner$2.execute(DefaultBuildOperationRunner.java:66)
	at org.gradle.internal.operations.DefaultBuildOperationRunner$2.execute(DefaultBuildOperationRunner.java:59)
	at org.gradle.internal.operations.DefaultBuildOperationRunner.execute(DefaultBuildOperationRunner.java:157)
	at org.gradle.internal.operations.DefaultBuildOperationRunner.execute(DefaultBuildOperationRunner.java:59)
	at org.gradle.internal.operations.DefaultBuildOperationRunner.call(DefaultBuildOperationRunner.java:53)
	at org.gradle.internal.operations.DefaultBuildOperationExecutor.call(DefaultBuildOperationExecutor.java:73)
	at org.gradle.internal.execution.steps.BuildOperationStep.operation(BuildOperationStep.java:34)
	at org.gradle.internal.execution.steps.CaptureStateBeforeExecutionStep.captureExecutionState(CaptureStateBeforeExecutionStep.java:130)
	at org.gradle.internal.execution.steps.CaptureStateBeforeExecutionStep.lambda$execute$0(CaptureStateBeforeExecutionStep.java:75)
	at org.gradle.internal.execution.steps.CaptureStateBeforeExecutionStep.execute(CaptureStateBeforeExecutionStep.java:75)
	at org.gradle.internal.execution.steps.CaptureStateBeforeExecutionStep.execute(CaptureStateBeforeExecutionStep.java:50)
	at org.gradle.internal.execution.steps.SkipEmptyWorkStep.executeWithNoEmptySources(SkipEmptyWorkStep.java:254)
	at org.gradle.internal.execution.steps.SkipEmptyWorkStep.execute(SkipEmptyWorkStep.java:91)
	at org.gradle.internal.execution.steps.SkipEmptyWorkStep.execute(SkipEmptyWorkStep.java:56)
	at org.gradle.internal.execution.steps.RemoveUntrackedExecutionStateStep.execute(RemoveUntrackedExecutionStateStep.java:32)
	at org.gradle.internal.execution.steps.RemoveUntrackedExecutionStateStep.execute(RemoveUntrackedExecutionStateStep.java:21)
	at org.gradle.internal.execution.steps.legacy.MarkSnapshottingInputsStartedStep.execute(MarkSnapshottingInputsStartedStep.java:38)
	at org.gradle.internal.execution.steps.LoadPreviousExecutionStateStep.execute(LoadPreviousExecutionStateStep.java:43)
	at org.gradle.internal.execution.steps.LoadPreviousExecutionStateStep.execute(LoadPreviousExecutionStateStep.java:31)
	at org.gradle.internal.execution.steps.AssignWorkspaceStep.lambda$execute$0(AssignWorkspaceStep.java:40)
	at org.gradle.api.internal.tasks.execution.TaskExecution$4.withWorkspace(TaskExecution.java:281)
	at org.gradle.internal.execution.steps.AssignWorkspaceStep.execute(AssignWorkspaceStep.java:40)
	at org.gradle.internal.execution.steps.AssignWorkspaceStep.execute(AssignWorkspaceStep.java:30)
	at org.gradle.internal.execution.steps.IdentityCacheStep.execute(IdentityCacheStep.java:37)
	at org.gradle.internal.execution.steps.IdentityCacheStep.execute(IdentityCacheStep.java:27)
	at org.gradle.internal.execution.steps.IdentifyStep.execute(IdentifyStep.java:44)
	at org.gradle.internal.execution.steps.IdentifyStep.execute(IdentifyStep.java:33)
	at org.gradle.internal.execution.impl.DefaultExecutionEngine$1.execute(DefaultExecutionEngine.java:76)
	at org.gradle.api.internal.tasks.execution.ExecuteActionsTaskExecuter.executeIfValid(ExecuteActionsTaskExecuter.java:139)
	at org.gradle.api.internal.tasks.execution.ExecuteActionsTaskExecuter.execute(ExecuteActionsTaskExecuter.java:128)
	at org.gradle.api.internal.tasks.execution.CleanupStaleOutputsExecuter.execute(CleanupStaleOutputsExecuter.java:77)
	at org.gradle.api.internal.tasks.execution.FinalizePropertiesTaskExecuter.execute(FinalizePropertiesTaskExecuter.java:46)
	at org.gradle.api.internal.tasks.execution.ResolveTaskExecutionModeExecuter.execute(ResolveTaskExecutionModeExecuter.java:51)
	at org.gradle.api.internal.tasks.execution.SkipTaskWithNoActionsExecuter.execute(SkipTaskWithNoActionsExecuter.java:57)
	at org.gradle.api.internal.tasks.execution.SkipOnlyIfTaskExecuter.execute(SkipOnlyIfTaskExecuter.java:56)
	at org.gradle.api.internal.tasks.execution.CatchExceptionTaskExecuter.execute(CatchExceptionTaskExecuter.java:36)
	at org.gradle.api.internal.tasks.execution.EventFiringTaskExecuter$1.executeTask(EventFiringTaskExecuter.java:77)
	at org.gradle.api.internal.tasks.execution.EventFiringTaskExecuter$1.call(EventFiringTaskExecuter.java:55)
	at org.gradle.api.internal.tasks.execution.EventFiringTaskExecuter$1.call(EventFiringTaskExecuter.java:52)
	at org.gradle.internal.operations.DefaultBuildOperationRunner$CallableBuildOperationWorker.execute(DefaultBuildOperationRunner.java:204)
	at org.gradle.internal.operations.DefaultBuildOperationRunner$CallableBuildOperationWorker.execute(DefaultBuildOperationRunner.java:199)
	at org.gradle.internal.operations.DefaultBuildOperationRunner$2.execute(DefaultBuildOperationRunner.java:66)
	at org.gradle.internal.operations.DefaultBuildOperationRunner$2.execute(DefaultBuildOperationRunner.java:59)
	at org.gradle.internal.operations.DefaultBuildOperationRunner.execute(DefaultBuildOperationRunner.java:157)
	at org.gradle.internal.operations.DefaultBuildOperationRunner.execute(DefaultBuildOperationRunner.java:59)
	at org.gradle.internal.operations.DefaultBuildOperationRunner.call(DefaultBuildOperationRunner.java:53)
	at org.gradle.internal.operations.DefaultBuildOperationExecutor.call(DefaultBuildOperationExecutor.java:73)
	at org.gradle.api.internal.tasks.execution.EventFiringTaskExecuter.execute(EventFiringTaskExecuter.java:52)
	at org.gradle.execution.plan.LocalTaskNodeExecutor.execute(LocalTaskNodeExecutor.java:69)
	at org.gradle.execution.taskgraph.DefaultTaskExecutionGraph$InvokeNodeExecutorsAction.execute(DefaultTaskExecutionGraph.java:327)
	at org.gradle.execution.taskgraph.DefaultTaskExecutionGraph$InvokeNodeExecutorsAction.execute(DefaultTaskExecutionGraph.java:314)
	at org.gradle.execution.taskgraph.DefaultTaskExecutionGraph$BuildOperationAwareExecutionAction.execute(DefaultTaskExecutionGraph.java:307)
	at org.gradle.execution.taskgraph.DefaultTaskExecutionGraph$BuildOperationAwareExecutionAction.execute(DefaultTaskExecutionGraph.java:293)
	at org.gradle.execution.plan.DefaultPlanExecutor$ExecutorWorker.execute(DefaultPlanExecutor.java:417)
	at org.gradle.execution.plan.DefaultPlanExecutor$ExecutorWorker.run(DefaultPlanExecutor.java:339)
	at org.gradle.execution.plan.DefaultPlanExecutor.process(DefaultPlanExecutor.java:96)
	at org.gradle.execution.taskgraph.DefaultTaskExecutionGraph.executeWithServices(DefaultTaskExecutionGraph.java:140)
	at org.gradle.execution.taskgraph.DefaultTaskExecutionGraph.execute(DefaultTaskExecutionGraph.java:125)
	at org.gradle.execution.SelectedTaskExecutionAction.execute(SelectedTaskExecutionAction.java:39)
	at org.gradle.execution.DryRunBuildExecutionAction.execute(DryRunBuildExecutionAction.java:51)
	at org.gradle.execution.BuildOperationFiringBuildWorkerExecutor$ExecuteTasks.call(BuildOperationFiringBuildWorkerExecutor.java:54)
	at org.gradle.execution.BuildOperationFiringBuildWorkerExecutor$ExecuteTasks.call(BuildOperationFiringBuildWorkerExecutor.java:43)
	at org.gradle.internal.operations.DefaultBuildOperationRunner$CallableBuildOperationWorker.execute(DefaultBuildOperationRunner.java:204)
	at org.gradle.internal.operations.DefaultBuildOperationRunner$CallableBuildOperationWorker.execute(DefaultBuildOperationRunner.java:199)
	at org.gradle.internal.operations.DefaultBuildOperationRunner$2.execute(DefaultBuildOperationRunner.java:66)
	at org.gradle.internal.operations.DefaultBuildOperationRunner$2.execute(DefaultBuildOperationRunner.java:59)
	at org.gradle.internal.operations.DefaultBuildOperationRunner.execute(DefaultBuildOperationRunner.java:157)
	at org.gradle.internal.operations.DefaultBuildOperationRunner.execute(DefaultBuildOperationRunner.java:59)
	at org.gradle.internal.operations.DefaultBuildOperationRunner.call(DefaultBuildOperationRunner.java:53)
	at org.gradle.internal.operations.DefaultBuildOperationExecutor.call(DefaultBuildOperationExecutor.java:73)
	at org.gradle.execution.BuildOperationFiringBuildWorkerExecutor.execute(BuildOperationFiringBuildWorkerExecutor.java:40)
	at org.gradle.internal.build.DefaultBuildLifecycleController.lambda$executeTasks$7(DefaultBuildLifecycleController.java:161)
	at org.gradle.internal.model.StateTransitionController.doTransition(StateTransitionController.java:247)
	at org.gradle.internal.model.StateTransitionController.lambda$tryTransition$7(StateTransitionController.java:174)
	at org.gradle.internal.work.DefaultSynchronizer.withLock(DefaultSynchronizer.java:44)
	at org.gradle.internal.model.StateTransitionController.tryTransition(StateTransitionController.java:174)
	at org.gradle.internal.build.DefaultBuildLifecycleController.executeTasks(DefaultBuildLifecycleController.java:161)
	at org.gradle.internal.build.DefaultBuildWorkGraphController$DefaultBuildWorkGraph.runWork(DefaultBuildWorkGraphController.java:156)
	at org.gradle.internal.work.DefaultWorkerLeaseService.withLocks(DefaultWorkerLeaseService.java:249)
	at org.gradle.internal.work.DefaultWorkerLeaseService.runAsWorkerThread(DefaultWorkerLeaseService.java:109)
	at org.gradle.composite.internal.DefaultBuildController.doRun(DefaultBuildController.java:164)
	at org.gradle.composite.internal.DefaultBuildController.access$000(DefaultBuildController.java:45)
	at org.gradle.composite.internal.DefaultBuildController$BuildOpRunnable.run(DefaultBuildController.java:183)
	at org.gradle.internal.concurrent.ExecutorPolicy$CatchAndRecordFailures.onExecute(ExecutorPolicy.java:64)
	at org.gradle.internal.concurrent.ManagedExecutorImpl$1.run(ManagedExecutorImpl.java:48)
Cause 1: org.gradle.api.internal.artifacts.transform.TransformException: Failed to transform okio-jvm-3.6.0.jar (com.squareup.okio:okio-jvm:3.6.0) to match attributes {artifactType=android-dex, asm-transformed-variant=NONE, dexing-enable-desugaring=true, dexing-enable-jacoco-instrumentation=false, dexing-is-debuggable=true, dexing-min-sdk=23, org.gradle.category=library, org.gradle.libraryelements=jar, org.gradle.status=release, org.gradle.usage=java-runtime, org.jetbrains.kotlin.platform.type=jvm}.
	at org.gradle.api.internal.artifacts.transform.TransformingAsyncArtifactListener$TransformedArtifact.lambda$visit$2(TransformingAsyncArtifactListener.java:232)
	at org.gradle.internal.Try$Failure.ifSuccessfulOrElse(Try.java:282)
	at org.gradle.api.internal.artifacts.transform.TransformingAsyncArtifactListener$TransformedArtifact.visit(TransformingAsyncArtifactListener.java:224)
	at org.gradle.api.internal.artifacts.ivyservice.resolveengine.artifact.ParallelResolveArtifactSet$VisitingSet$StartVisitAction.visitResults(ParallelResolveArtifactSet.java:100)
	at org.gradle.api.internal.artifacts.ivyservice.resolveengine.artifact.ParallelResolveArtifactSet$VisitingSet.visit(ParallelResolveArtifactSet.java:69)
	at org.gradle.api.internal.artifacts.ivyservice.DefaultLenientConfiguration.visitArtifacts(DefaultLenientConfiguration.java:301)
	at org.gradle.api.internal.artifacts.ivyservice.DefaultLenientConfiguration.access$600(DefaultLenientConfiguration.java:75)
	at org.gradle.api.internal.artifacts.ivyservice.DefaultLenientConfiguration$3.run(DefaultLenientConfiguration.java:249)
	at org.gradle.internal.operations.DefaultBuildOperationRunner$1.execute(DefaultBuildOperationRunner.java:29)
	at org.gradle.internal.operations.DefaultBuildOperationRunner$1.execute(DefaultBuildOperationRunner.java:26)
	at org.gradle.internal.operations.DefaultBuildOperationRunner$2.execute(DefaultBuildOperationRunner.java:66)
	at org.gradle.internal.operations.DefaultBuildOperationRunner$2.execute(DefaultBuildOperationRunner.java:59)
	at org.gradle.internal.operations.DefaultBuildOperationRunner.execute(DefaultBuildOperationRunner.java:157)
	at org.gradle.internal.operations.DefaultBuildOperationRunner.execute(DefaultBuildOperationRunner.java:59)
	at org.gradle.internal.operations.DefaultBuildOperationRunner.run(DefaultBuildOperationRunner.java:47)
	at org.gradle.internal.operations.DefaultBuildOperationExecutor.run(DefaultBuildOperationExecutor.java:68)
	at org.gradle.api.internal.artifacts.ivyservice.DefaultLenientConfiguration.visitArtifactsWithBuildOperation(DefaultLenientConfiguration.java:246)
	at org.gradle.api.internal.artifacts.ivyservice.DefaultLenientConfiguration.access$300(DefaultLenientConfiguration.java:75)
	at org.gradle.api.internal.artifacts.ivyservice.DefaultLenientConfiguration$2.lambda$visitArtifacts$0(DefaultLenientConfiguration.java:149)
	at org.gradle.internal.work.DefaultWorkerLeaseService.runAsUnmanagedWorkerThread(DefaultWorkerLeaseService.java:121)
	at org.gradle.api.internal.artifacts.ivyservice.DefaultLenientConfiguration$2.visitArtifacts(DefaultLenientConfiguration.java:149)
	at org.gradle.api.internal.artifacts.configurations.DefaultConfiguration$ConfigurationFileCollection.visitContents(DefaultConfiguration.java:1494)
	at org.gradle.api.internal.file.AbstractFileCollection.visitStructure(AbstractFileCollection.java:375)
	at org.gradle.api.internal.file.CompositeFileCollection.lambda$visitContents$0(CompositeFileCollection.java:119)
	at org.gradle.api.internal.file.collections.UnpackingVisitor.add(UnpackingVisitor.java:64)
	at org.gradle.api.internal.file.collections.UnpackingVisitor.add(UnpackingVisitor.java:89)
	at org.gradle.api.internal.file.DefaultFileCollectionFactory$ResolvingFileCollection.visitChildren(DefaultFileCollectionFactory.java:333)
	at org.gradle.api.internal.file.CompositeFileCollection.visitContents(CompositeFileCollection.java:119)
	at org.gradle.api.internal.file.AbstractFileCollection.visitStructure(AbstractFileCollection.java:375)
	at org.gradle.api.internal.file.CompositeFileCollection.lambda$visitContents$0(CompositeFileCollection.java:119)
	at org.gradle.api.internal.tasks.PropertyFileCollection.visitChildren(PropertyFileCollection.java:48)
	at org.gradle.api.internal.file.CompositeFileCollection.visitContents(CompositeFileCollection.java:119)
	at org.gradle.api.internal.file.AbstractFileCollection.visitStructure(AbstractFileCollection.java:375)
	at org.gradle.internal.fingerprint.impl.DefaultFileCollectionSnapshotter.snapshot(DefaultFileCollectionSnapshotter.java:51)
	at org.gradle.internal.execution.fingerprint.impl.DefaultInputFingerprinter$InputCollectingVisitor.visitInputFileProperty(DefaultInputFingerprinter.java:131)
	at org.gradle.api.internal.tasks.execution.TaskExecution.visitRegularInputs(TaskExecution.java:322)
	at org.gradle.internal.execution.fingerprint.impl.DefaultInputFingerprinter.fingerprintInputProperties(DefaultInputFingerprinter.java:61)
	at org.gradle.internal.execution.steps.CaptureStateBeforeExecutionStep.captureExecutionStateWithOutputs(CaptureStateBeforeExecutionStep.java:193)
	at org.gradle.internal.execution.steps.CaptureStateBeforeExecutionStep.lambda$captureExecutionState$1(CaptureStateBeforeExecutionStep.java:141)
	at org.gradle.internal.execution.steps.BuildOperationStep$1.call(BuildOperationStep.java:37)
	at org.gradle.internal.operations.DefaultBuildOperationRunner$CallableBuildOperationWorker.execute(DefaultBuildOperationRunner.java:204)
	at org.gradle.internal.operations.DefaultBuildOperationRunner$CallableBuildOperationWorker.execute(DefaultBuildOperationRunner.java:199)
	at org.gradle.internal.operations.DefaultBuildOperationRunner$2.execute(DefaultBuildOperationRunner.java:66)
	at org.gradle.internal.operations.DefaultBuildOperationRunner$2.execute(DefaultBuildOperationRunner.java:59)
	at org.gradle.internal.operations.DefaultBuildOperationRunner.execute(DefaultBuildOperationRunner.java:157)
	at org.gradle.internal.operations.DefaultBuildOperationRunner.execute(DefaultBuildOperationRunner.java:59)
	at org.gradle.internal.operations.DefaultBuildOperationRunner.call(DefaultBuildOperationRunner.java:53)
	at org.gradle.internal.operations.DefaultBuildOperationExecutor.call(DefaultBuildOperationExecutor.java:73)
	at org.gradle.internal.execution.steps.BuildOperationStep.operation(BuildOperationStep.java:34)
	at org.gradle.internal.execution.steps.CaptureStateBeforeExecutionStep.captureExecutionState(CaptureStateBeforeExecutionStep.java:130)
	at org.gradle.internal.execution.steps.CaptureStateBeforeExecutionStep.lambda$execute$0(CaptureStateBeforeExecutionStep.java:75)
	at org.gradle.internal.execution.steps.CaptureStateBeforeExecutionStep.execute(CaptureStateBeforeExecutionStep.java:75)
	at org.gradle.internal.execution.steps.CaptureStateBeforeExecutionStep.execute(CaptureStateBeforeExecutionStep.java:50)
	at org.gradle.internal.execution.steps.SkipEmptyWorkStep.executeWithNoEmptySources(SkipEmptyWorkStep.java:254)
	at org.gradle.internal.execution.steps.SkipEmptyWorkStep.execute(SkipEmptyWorkStep.java:91)
	at org.gradle.internal.execution.steps.SkipEmptyWorkStep.execute(SkipEmptyWorkStep.java:56)
	at org.gradle.internal.execution.steps.RemoveUntrackedExecutionStateStep.execute(RemoveUntrackedExecutionStateStep.java:32)
	at org.gradle.internal.execution.steps.RemoveUntrackedExecutionStateStep.execute(RemoveUntrackedExecutionStateStep.java:21)
	at org.gradle.internal.execution.steps.legacy.MarkSnapshottingInputsStartedStep.execute(MarkSnapshottingInputsStartedStep.java:38)
	at org.gradle.internal.execution.steps.LoadPreviousExecutionStateStep.execute(LoadPreviousExecutionStateStep.java:43)
	at org.gradle.internal.execution.steps.LoadPreviousExecutionStateStep.execute(LoadPreviousExecutionStateStep.java:31)
	at org.gradle.internal.execution.steps.AssignWorkspaceStep.lambda$execute$0(AssignWorkspaceStep.java:40)
	at org.gradle.api.internal.tasks.execution.TaskExecution$4.withWorkspace(TaskExecution.java:281)
	at org.gradle.internal.execution.steps.AssignWorkspaceStep.execute(AssignWorkspaceStep.java:40)
	at org.gradle.internal.execution.steps.AssignWorkspaceStep.execute(AssignWorkspaceStep.java:30)
	at org.gradle.internal.execution.steps.IdentityCacheStep.execute(IdentityCacheStep.java:37)
	at org.gradle.internal.execution.steps.IdentityCacheStep.execute(IdentityCacheStep.java:27)
	at org.gradle.internal.execution.steps.IdentifyStep.execute(IdentifyStep.java:44)
	at org.gradle.internal.execution.steps.IdentifyStep.execute(IdentifyStep.java:33)
	at org.gradle.internal.execution.impl.DefaultExecutionEngine$1.execute(DefaultExecutionEngine.java:76)
	at org.gradle.api.internal.tasks.execution.ExecuteActionsTaskExecuter.executeIfValid(ExecuteActionsTaskExecuter.java:139)
	at org.gradle.api.internal.tasks.execution.ExecuteActionsTaskExecuter.execute(ExecuteActionsTaskExecuter.java:128)
	at org.gradle.api.internal.tasks.execution.CleanupStaleOutputsExecuter.execute(CleanupStaleOutputsExecuter.java:77)
	at org.gradle.api.internal.tasks.execution.FinalizePropertiesTaskExecuter.execute(FinalizePropertiesTaskExecuter.java:46)
	at org.gradle.api.internal.tasks.execution.ResolveTaskExecutionModeExecuter.execute(ResolveTaskExecutionModeExecuter.java:51)
	at org.gradle.api.internal.tasks.execution.SkipTaskWithNoActionsExecuter.execute(SkipTaskWithNoActionsExecuter.java:57)
	at org.gradle.api.internal.tasks.execution.SkipOnlyIfTaskExecuter.execute(SkipOnlyIfTaskExecuter.java:56)
	at org.gradle.api.internal.tasks.execution.CatchExceptionTaskExecuter.execute(CatchExceptionTaskExecuter.java:36)
	at org.gradle.api.internal.tasks.execution.EventFiringTaskExecuter$1.executeTask(EventFiringTaskExecuter.java:77)
	at org.gradle.api.internal.tasks.execution.EventFiringTaskExecuter$1.call(EventFiringTaskExecuter.java:55)
	at org.gradle.api.internal.tasks.execution.EventFiringTaskExecuter$1.call(EventFiringTaskExecuter.java:52)
	at org.gradle.internal.operations.DefaultBuildOperationRunner$CallableBuildOperationWorker.execute(DefaultBuildOperationRunner.java:204)
	at org.gradle.internal.operations.DefaultBuildOperationRunner$CallableBuildOperationWorker.execute(DefaultBuildOperationRunner.java:199)
	at org.gradle.internal.operations.DefaultBuildOperationRunner$2.execute(DefaultBuildOperationRunner.java:66)
	at org.gradle.internal.operations.DefaultBuildOperationRunner$2.execute(DefaultBuildOperationRunner.java:59)
	at org.gradle.internal.operations.DefaultBuildOperationRunner.execute(DefaultBuildOperationRunner.java:157)
	at org.gradle.internal.operations.DefaultBuildOperationRunner.execute(DefaultBuildOperationRunner.java:59)
	at org.gradle.internal.operations.DefaultBuildOperationRunner.call(DefaultBuildOperationRunner.java:53)
	at org.gradle.internal.operations.DefaultBuildOperationExecutor.call(DefaultBuildOperationExecutor.java:73)
	at org.gradle.api.internal.tasks.execution.EventFiringTaskExecuter.execute(EventFiringTaskExecuter.java:52)
	at org.gradle.execution.plan.LocalTaskNodeExecutor.execute(LocalTaskNodeExecutor.java:69)
	at org.gradle.execution.taskgraph.DefaultTaskExecutionGraph$InvokeNodeExecutorsAction.execute(DefaultTaskExecutionGraph.java:327)
	at org.gradle.execution.taskgraph.DefaultTaskExecutionGraph$InvokeNodeExecutorsAction.execute(DefaultTaskExecutionGraph.java:314)
	at org.gradle.execution.taskgraph.DefaultTaskExecutionGraph$BuildOperationAwareExecutionAction.execute(DefaultTaskExecutionGraph.java:307)
	at org.gradle.execution.taskgraph.DefaultTaskExecutionGraph$BuildOperationAwareExecutionAction.execute(DefaultTaskExecutionGraph.java:293)
	at org.gradle.execution.plan.DefaultPlanExecutor$ExecutorWorker.execute(DefaultPlanExecutor.java:417)
	at org.gradle.execution.plan.DefaultPlanExecutor$ExecutorWorker.run(DefaultPlanExecutor.java:339)
	at org.gradle.execution.plan.DefaultPlanExecutor.process(DefaultPlanExecutor.java:96)
	at org.gradle.execution.taskgraph.DefaultTaskExecutionGraph.executeWithServices(DefaultTaskExecutionGraph.java:140)
	at org.gradle.execution.taskgraph.DefaultTaskExecutionGraph.execute(DefaultTaskExecutionGraph.java:125)
	at org.gradle.execution.SelectedTaskExecutionAction.execute(SelectedTaskExecutionAction.java:39)
	at org.gradle.execution.DryRunBuildExecutionAction.execute(DryRunBuildExecutionAction.java:51)
	at org.gradle.execution.BuildOperationFiringBuildWorkerExecutor$ExecuteTasks.call(BuildOperationFiringBuildWorkerExecutor.java:54)
	at org.gradle.execution.BuildOperationFiringBuildWorkerExecutor$ExecuteTasks.call(BuildOperationFiringBuildWorkerExecutor.java:43)
	at org.gradle.internal.operations.DefaultBuildOperationRunner$CallableBuildOperationWorker.execute(DefaultBuildOperationRunner.java:204)
	at org.gradle.internal.operations.DefaultBuildOperationRunner$CallableBuildOperationWorker.execute(DefaultBuildOperationRunner.java:199)
	at org.gradle.internal.operations.DefaultBuildOperationRunner$2.execute(DefaultBuildOperationRunner.java:66)
	at org.gradle.internal.operations.DefaultBuildOperationRunner$2.execute(DefaultBuildOperationRunner.java:59)
	at org.gradle.internal.operations.DefaultBuildOperationRunner.execute(DefaultBuildOperationRunner.java:157)
	at org.gradle.internal.operations.DefaultBuildOperationRunner.execute(DefaultBuildOperationRunner.java:59)
	at org.gradle.internal.operations.DefaultBuildOperationRunner.call(DefaultBuildOperationRunner.java:53)
	at org.gradle.internal.operations.DefaultBuildOperationExecutor.call(DefaultBuildOperationExecutor.java:73)
	at org.gradle.execution.BuildOperationFiringBuildWorkerExecutor.execute(BuildOperationFiringBuildWorkerExecutor.java:40)
	at org.gradle.internal.build.DefaultBuildLifecycleController.lambda$executeTasks$7(DefaultBuildLifecycleController.java:161)
	at org.gradle.internal.model.StateTransitionController.doTransition(StateTransitionController.java:247)
	at org.gradle.internal.model.StateTransitionController.lambda$tryTransition$7(StateTransitionController.java:174)
	at org.gradle.internal.work.DefaultSynchronizer.withLock(DefaultSynchronizer.java:44)
	at org.gradle.internal.model.StateTransitionController.tryTransition(StateTransitionController.java:174)
	at org.gradle.internal.build.DefaultBuildLifecycleController.executeTasks(DefaultBuildLifecycleController.java:161)
	at org.gradle.internal.build.DefaultBuildWorkGraphController$DefaultBuildWorkGraph.runWork(DefaultBuildWorkGraphController.java:156)
	at org.gradle.internal.work.DefaultWorkerLeaseService.withLocks(DefaultWorkerLeaseService.java:249)
	at org.gradle.internal.work.DefaultWorkerLeaseService.runAsWorkerThread(DefaultWorkerLeaseService.java:109)
	at org.gradle.composite.internal.DefaultBuildController.doRun(DefaultBuildController.java:164)
	at org.gradle.composite.internal.DefaultBuildController.access$000(DefaultBuildController.java:45)
	at org.gradle.composite.internal.DefaultBuildController$BuildOpRunnable.run(DefaultBuildController.java:183)
	at org.gradle.internal.concurrent.ExecutorPolicy$CatchAndRecordFailures.onExecute(ExecutorPolicy.java:64)
	at org.gradle.internal.concurrent.ManagedExecutorImpl$1.run(ManagedExecutorImpl.java:48)
Caused by: org.gradle.api.internal.artifacts.transform.TransformException: Execution failed for DexingWithClasspathTransform: D:\code\AndroidDemo\.gradle-user-home\caches\transforms-3\78da79b41b0202d9e19b5c5ab5893579\transformed\jetified-okio-jvm-3.6.0.jar.
	at org.gradle.api.internal.artifacts.transform.DefaultTransformerInvocationFactory$1.lambda$mapResult$3(DefaultTransformerInvocationFactory.java:159)
	at org.gradle.internal.Try$Failure.mapFailure(Try.java:273)
	at org.gradle.api.internal.artifacts.transform.DefaultTransformerInvocationFactory$1.mapResult(DefaultTransformerInvocationFactory.java:159)
	at org.gradle.api.internal.artifacts.transform.DefaultTransformerInvocationFactory$1.lambda$processDeferredOutput$0(DefaultTransformerInvocationFactory.java:152)
	at org.gradle.api.internal.artifacts.transform.DefaultTransformerInvocationFactory.fireTransformListeners(DefaultTransformerInvocationFactory.java:184)
	at org.gradle.api.internal.artifacts.transform.DefaultTransformerInvocationFactory.access$000(DefaultTransformerInvocationFactory.java:69)
	at org.gradle.api.internal.artifacts.transform.DefaultTransformerInvocationFactory$1.lambda$processDeferredOutput$1(DefaultTransformerInvocationFactory.java:151)
	at org.gradle.api.internal.artifacts.transform.CacheableInvocation$3.invoke(CacheableInvocation.java:110)
	at org.gradle.api.internal.artifacts.transform.CacheableInvocation$1.invoke(CacheableInvocation.java:58)
	at org.gradle.api.internal.artifacts.transform.TransformingAsyncArtifactListener$TransformedArtifact.finalizeValue(TransformingAsyncArtifactListener.java:203)
	at org.gradle.api.internal.artifacts.transform.TransformingAsyncArtifactListener$TransformedArtifact.run(TransformingAsyncArtifactListener.java:136)
	at org.gradle.internal.operations.DefaultBuildOperationRunner$2.execute(DefaultBuildOperationRunner.java:66)
	at org.gradle.internal.operations.DefaultBuildOperationRunner$2.execute(DefaultBuildOperationRunner.java:59)
	at org.gradle.internal.operations.DefaultBuildOperationRunner.execute(DefaultBuildOperationRunner.java:157)
	at org.gradle.internal.operations.DefaultBuildOperationRunner.execute(DefaultBuildOperationRunner.java:59)
	at org.gradle.internal.operations.DefaultBuildOperationExecutor$QueueWorker.execute(DefaultBuildOperationExecutor.java:238)
	at org.gradle.internal.operations.DefaultBuildOperationQueue$WorkerRunnable.runOperation(DefaultBuildOperationQueue.java:266)
	at org.gradle.internal.operations.DefaultBuildOperationQueue$WorkerRunnable.doRunBatch(DefaultBuildOperationQueue.java:247)
	at org.gradle.internal.operations.DefaultBuildOperationQueue$WorkerRunnable.lambda$runBatch$0(DefaultBuildOperationQueue.java:237)
	at org.gradle.internal.resources.AbstractResourceLockRegistry.whileDisallowingLockChanges(AbstractResourceLockRegistry.java:50)
	at org.gradle.internal.work.DefaultWorkerLeaseService.whileDisallowingProjectLockChanges(DefaultWorkerLeaseService.java:221)
	at org.gradle.internal.operations.DefaultBuildOperationQueue$WorkerRunnable.lambda$runBatch$1(DefaultBuildOperationQueue.java:237)
	at org.gradle.internal.work.DefaultWorkerLeaseService.withLocks(DefaultWorkerLeaseService.java:249)
	at org.gradle.internal.work.DefaultWorkerLeaseService.runAsWorkerThread(DefaultWorkerLeaseService.java:109)
	at org.gradle.internal.operations.DefaultBuildOperationQueue$WorkerRunnable.runBatch(DefaultBuildOperationQueue.java:223)
	at org.gradle.internal.operations.DefaultBuildOperationQueue$WorkerRunnable.run(DefaultBuildOperationQueue.java:191)
	... 2 more
Caused by: com.android.builder.dexing.DexArchiveBuilderException: Error while dexing.
	at com.android.builder.dexing.D8DexArchiveBuilder.getExceptionToRethrow(D8DexArchiveBuilder.java:183)
	at com.android.builder.dexing.D8DexArchiveBuilder.convert(D8DexArchiveBuilder.java:122)
	at com.android.build.gradle.internal.dependency.BaseDexingTransform.process(DexingTransform.kt:294)
	at com.android.build.gradle.internal.dependency.BaseDexingTransform.processNonIncrementally(DexingTransform.kt:241)
	at com.android.build.gradle.internal.dependency.BaseDexingTransform.doTransform(DexingTransform.kt:151)
	at com.android.build.gradle.internal.dependency.BaseDexingTransform.transform(DexingTransform.kt:109)
	at org.gradle.api.internal.artifacts.transform.DefaultTransformer.transform(DefaultTransformer.java:264)
	at org.gradle.api.internal.artifacts.transform.DefaultTransformerInvocationFactory$AbstractTransformerExecution$1.call(DefaultTransformerInvocationFactory.java:290)
	at org.gradle.api.internal.artifacts.transform.DefaultTransformerInvocationFactory$AbstractTransformerExecution$1.call(DefaultTransformerInvocationFactory.java:285)
	at org.gradle.internal.operations.DefaultBuildOperationRunner$CallableBuildOperationWorker.execute(DefaultBuildOperationRunner.java:204)
	at org.gradle.internal.operations.DefaultBuildOperationRunner$CallableBuildOperationWorker.execute(DefaultBuildOperationRunner.java:199)
	at org.gradle.internal.operations.DefaultBuildOperationRunner$2.execute(DefaultBuildOperationRunner.java:66)
	at org.gradle.internal.operations.DefaultBuildOperationRunner$2.execute(DefaultBuildOperationRunner.java:59)
	at org.gradle.internal.operations.DefaultBuildOperationRunner.execute(DefaultBuildOperationRunner.java:157)
	at org.gradle.internal.operations.DefaultBuildOperationRunner.execute(DefaultBuildOperationRunner.java:59)
	at org.gradle.internal.operations.DefaultBuildOperationRunner.call(DefaultBuildOperationRunner.java:53)
	at org.gradle.internal.operations.DefaultBuildOperationExecutor.call(DefaultBuildOperationExecutor.java:73)
	at org.gradle.api.internal.artifacts.transform.DefaultTransformerInvocationFactory$AbstractTransformerExecution.execute(DefaultTransformerInvocationFactory.java:285)
	at org.gradle.internal.execution.steps.ExecuteStep.executeInternal(ExecuteStep.java:89)
	at org.gradle.internal.execution.steps.ExecuteStep.access$000(ExecuteStep.java:40)
	at org.gradle.internal.execution.steps.ExecuteStep$1.call(ExecuteStep.java:53)
	at org.gradle.internal.execution.steps.ExecuteStep$1.call(ExecuteStep.java:50)
	at org.gradle.internal.operations.DefaultBuildOperationRunner$CallableBuildOperationWorker.execute(DefaultBuildOperationRunner.java:204)
	at org.gradle.internal.operations.DefaultBuildOperationRunner$CallableBuildOperationWorker.execute(DefaultBuildOperationRunner.java:199)
	at org.gradle.internal.operations.DefaultBuildOperationRunner$2.execute(DefaultBuildOperationRunner.java:66)
	at org.gradle.internal.operations.DefaultBuildOperationRunner$2.execute(DefaultBuildOperationRunner.java:59)
	at org.gradle.internal.operations.DefaultBuildOperationRunner.execute(DefaultBuildOperationRunner.java:157)
	at org.gradle.internal.operations.DefaultBuildOperationRunner.execute(DefaultBuildOperationRunner.java:59)
	at org.gradle.internal.operations.DefaultBuildOperationRunner.call(DefaultBuildOperationRunner.java:53)
	at org.gradle.internal.operations.DefaultBuildOperationExecutor.call(DefaultBuildOperationExecutor.java:73)
	at org.gradle.internal.execution.steps.ExecuteStep.execute(ExecuteStep.java:50)
	at org.gradle.internal.execution.steps.ExecuteStep.execute(ExecuteStep.java:40)
	at org.gradle.internal.execution.steps.RemovePreviousOutputsStep.execute(RemovePreviousOutputsStep.java:68)
	at org.gradle.internal.execution.steps.RemovePreviousOutputsStep.execute(RemovePreviousOutputsStep.java:38)
	at org.gradle.internal.execution.steps.CancelExecutionStep.execute(CancelExecutionStep.java:41)
	at org.gradle.internal.execution.steps.TimeoutStep.executeWithoutTimeout(TimeoutStep.java:74)
	at org.gradle.internal.execution.steps.TimeoutStep.execute(TimeoutStep.java:55)
	at org.gradle.internal.execution.steps.CreateOutputsStep.execute(CreateOutputsStep.java:51)
	at org.gradle.internal.execution.steps.CreateOutputsStep.execute(CreateOutputsStep.java:29)
	at org.gradle.internal.execution.steps.CaptureStateAfterExecutionStep.executeDelegateBroadcastingChanges(CaptureStateAfterExecutionStep.java:124)
	at org.gradle.internal.execution.steps.CaptureStateAfterExecutionStep.execute(CaptureStateAfterExecutionStep.java:80)
	at org.gradle.internal.execution.steps.CaptureStateAfterExecutionStep.execute(CaptureStateAfterExecutionStep.java:58)
	at org.gradle.internal.execution.steps.ResolveInputChangesStep.execute(ResolveInputChangesStep.java:48)
	at org.gradle.internal.execution.steps.ResolveInputChangesStep.execute(ResolveInputChangesStep.java:36)
	at org.gradle.internal.execution.steps.BuildCacheStep.executeWithoutCache(BuildCacheStep.java:181)
	at org.gradle.internal.execution.steps.BuildCacheStep.lambda$execute$1(BuildCacheStep.java:71)
	at org.gradle.internal.Either$Right.fold(Either.java:175)
	at org.gradle.internal.execution.caching.CachingState.fold(CachingState.java:59)
	at org.gradle.internal.execution.steps.BuildCacheStep.execute(BuildCacheStep.java:69)
	at org.gradle.internal.execution.steps.BuildCacheStep.execute(BuildCacheStep.java:47)
	at org.gradle.internal.execution.steps.StoreExecutionStateStep.execute(StoreExecutionStateStep.java:36)
	at org.gradle.internal.execution.steps.StoreExecutionStateStep.execute(StoreExecutionStateStep.java:25)
	at org.gradle.internal.execution.steps.RecordOutputsStep.execute(RecordOutputsStep.java:36)
	at org.gradle.internal.execution.steps.RecordOutputsStep.execute(RecordOutputsStep.java:22)
	at org.gradle.internal.execution.steps.SkipUpToDateStep.executeBecause(SkipUpToDateStep.java:110)
	at org.gradle.internal.execution.steps.SkipUpToDateStep.lambda$execute$2(SkipUpToDateStep.java:56)
	at org.gradle.internal.execution.steps.SkipUpToDateStep.execute(SkipUpToDateStep.java:56)
	at org.gradle.internal.execution.steps.SkipUpToDateStep.execute(SkipUpToDateStep.java:38)
	at org.gradle.internal.execution.steps.ResolveChangesStep.execute(ResolveChangesStep.java:73)
	at org.gradle.internal.execution.steps.ResolveChangesStep.execute(ResolveChangesStep.java:44)
	at org.gradle.internal.execution.steps.legacy.MarkSnapshottingInputsFinishedStep.execute(MarkSnapshottingInputsFinishedStep.java:37)
	at org.gradle.internal.execution.steps.legacy.MarkSnapshottingInputsFinishedStep.execute(MarkSnapshottingInputsFinishedStep.java:27)
	at org.gradle.internal.execution.steps.ResolveCachingStateStep.execute(ResolveCachingStateStep.java:89)
	at org.gradle.internal.execution.steps.ResolveCachingStateStep.execute(ResolveCachingStateStep.java:50)
	at org.gradle.internal.execution.steps.ValidateStep.execute(ValidateStep.java:114)
	at org.gradle.internal.execution.steps.ValidateStep.execute(ValidateStep.java:57)
	at org.gradle.internal.execution.steps.CaptureStateBeforeExecutionStep.execute(CaptureStateBeforeExecutionStep.java:76)
	at org.gradle.internal.execution.steps.CaptureStateBeforeExecutionStep.execute(CaptureStateBeforeExecutionStep.java:50)
	at org.gradle.internal.execution.steps.SkipEmptyWorkStep.executeWithNoEmptySources(SkipEmptyWorkStep.java:254)
	at org.gradle.internal.execution.steps.SkipEmptyWorkStep.execute(SkipEmptyWorkStep.java:91)
	at org.gradle.internal.execution.steps.SkipEmptyWorkStep.execute(SkipEmptyWorkStep.java:56)
	at org.gradle.internal.execution.steps.RemoveUntrackedExecutionStateStep.execute(RemoveUntrackedExecutionStateStep.java:32)
	at org.gradle.internal.execution.steps.RemoveUntrackedExecutionStateStep.execute(RemoveUntrackedExecutionStateStep.java:21)
	at org.gradle.internal.execution.steps.legacy.MarkSnapshottingInputsStartedStep.execute(MarkSnapshottingInputsStartedStep.java:38)
	at org.gradle.internal.execution.steps.LoadPreviousExecutionStateStep.execute(LoadPreviousExecutionStateStep.java:43)
	at org.gradle.internal.execution.steps.LoadPreviousExecutionStateStep.execute(LoadPreviousExecutionStateStep.java:31)
	at org.gradle.internal.execution.steps.AssignWorkspaceStep.lambda$execute$0(AssignWorkspaceStep.java:40)
	at org.gradle.internal.execution.workspace.impl.DefaultImmutableWorkspaceProvider.lambda$withWorkspace$3(DefaultImmutableWorkspaceProvider.java:124)
	at org.gradle.cache.internal.LockOnDemandCrossProcessCacheAccess.withFileLock(LockOnDemandCrossProcessCacheAccess.java:90)
	at org.gradle.cache.internal.DefaultCacheAccess.withFileLock(DefaultCacheAccess.java:191)
	at org.gradle.cache.internal.DefaultPersistentDirectoryStore.withFileLock(DefaultPersistentDirectoryStore.java:188)
	at org.gradle.cache.internal.DefaultCacheFactory$ReferenceTrackingCache.withFileLock(DefaultCacheFactory.java:209)
	at org.gradle.internal.execution.workspace.impl.DefaultImmutableWorkspaceProvider.withWorkspace(DefaultImmutableWorkspaceProvider.java:121)
	at org.gradle.internal.execution.steps.AssignWorkspaceStep.execute(AssignWorkspaceStep.java:40)
	at org.gradle.internal.execution.steps.AssignWorkspaceStep.execute(AssignWorkspaceStep.java:30)
	at org.gradle.internal.execution.steps.IdentityCacheStep.execute(IdentityCacheStep.java:37)
	at org.gradle.internal.execution.steps.IdentityCacheStep.lambda$executeDeferred$0(IdentityCacheStep.java:49)
	at org.gradle.cache.Cache.lambda$get$0(Cache.java:31)
	at org.gradle.cache.ManualEvictionInMemoryCache.get(ManualEvictionInMemoryCache.java:30)
	at org.gradle.cache.internal.DefaultCrossBuildInMemoryCacheFactory$CrossBuildCacheRetainingDataFromPreviousBuild.get(DefaultCrossBuildInMemoryCacheFactory.java:255)
	at org.gradle.cache.Cache.get(Cache.java:31)
	at org.gradle.internal.execution.steps.IdentityCacheStep.lambda$executeDeferred$1(IdentityCacheStep.java:47)
	... 25 more
Caused by: com.android.tools.r8.CompilationFailedException: Compilation failed to complete
	at Version.fakeStackEntry(Version_4.0.52.java:0)
	at com.android.tools.r8.internal.vk.a(R8_4.0.52_5a340ca2823c7e792fe09805c75f749b9d398d230bc0518bb54ae9b6b50addbe:75)
	at com.android.tools.r8.internal.vk.a(R8_4.0.52_5a340ca2823c7e792fe09805c75f749b9d398d230bc0518bb54ae9b6b50addbe:28)
	at com.android.tools.r8.internal.vk.a(R8_4.0.52_5a340ca2823c7e792fe09805c75f749b9d398d230bc0518bb54ae9b6b50addbe:27)
	at com.android.tools.r8.internal.vk.b(R8_4.0.52_5a340ca2823c7e792fe09805c75f749b9d398d230bc0518bb54ae9b6b50addbe:2)
	at com.android.tools.r8.D8.run(R8_4.0.52_5a340ca2823c7e792fe09805c75f749b9d398d230bc0518bb54ae9b6b50addbe:11)
	at com.android.builder.dexing.D8DexArchiveBuilder.convert(D8DexArchiveBuilder.java:120)
	... 115 more
Caused by: com.android.tools.r8.kotlin.H
	at com.android.tools.r8.kotlin.j.a(R8_4.0.52_5a340ca2823c7e792fe09805c75f749b9d398d230bc0518bb54ae9b6b50addbe:42)
	at com.android.tools.r8.internal.OB.a(R8_4.0.52_5a340ca2823c7e792fe09805c75f749b9d398d230bc0518bb54ae9b6b50addbe:43)
	at com.android.tools.r8.utils.x.a(R8_4.0.52_5a340ca2823c7e792fe09805c75f749b9d398d230bc0518bb54ae9b6b50addbe:41)
	at com.android.tools.r8.utils.x.a(R8_4.0.52_5a340ca2823c7e792fe09805c75f749b9d398d230bc0518bb54ae9b6b50addbe:46)
	at com.android.tools.r8.utils.x.a(R8_4.0.52_5a340ca2823c7e792fe09805c75f749b9d398d230bc0518bb54ae9b6b50addbe:40)
	at com.google.common.util.concurrent.TrustedListenableFutureTask$TrustedFutureInterruptibleTask.runInterruptibly(TrustedListenableFutureTask.java:125)
	at com.google.common.util.concurrent.InterruptibleTask.run(InterruptibleTask.java:69)
	at com.google.common.util.concurrent.TrustedListenableFutureTask.run(TrustedListenableFutureTask.java:78)
	at com.google.common.util.concurrent.MoreExecutors$DirectExecutorService.execute(MoreExecutors.java:321)
	at com.google.common.util.concurrent.AbstractListeningExecutorService.submit(AbstractListeningExecutorService.java:66)
	at com.google.common.util.concurrent.AbstractListeningExecutorService.submit(AbstractListeningExecutorService.java:36)
	at com.android.tools.r8.utils.x.a(R8_4.0.52_5a340ca2823c7e792fe09805c75f749b9d398d230bc0518bb54ae9b6b50addbe:39)
	at com.android.tools.r8.utils.x.a(R8_4.0.52_5a340ca2823c7e792fe09805c75f749b9d398d230bc0518bb54ae9b6b50addbe:9)
	at com.android.tools.r8.utils.x.a(R8_4.0.52_5a340ca2823c7e792fe09805c75f749b9d398d230bc0518bb54ae9b6b50addbe:45)
	at com.android.tools.r8.utils.x.a(R8_4.0.52_5a340ca2823c7e792fe09805c75f749b9d398d230bc0518bb54ae9b6b50addbe:43)
	at com.android.tools.r8.utils.x.a(R8_4.0.52_5a340ca2823c7e792fe09805c75f749b9d398d230bc0518bb54ae9b6b50addbe:42)
	at com.android.tools.r8.internal.OB.a(R8_4.0.52_5a340ca2823c7e792fe09805c75f749b9d398d230bc0518bb54ae9b6b50addbe:35)
	at com.android.tools.r8.D8.b(R8_4.0.52_5a340ca2823c7e792fe09805c75f749b9d398d230bc0518bb54ae9b6b50addbe:9)
	at com.android.tools.r8.internal.H20.a(R8_4.0.52_5a340ca2823c7e792fe09805c75f749b9d398d230bc0518bb54ae9b6b50addbe:50)
	at com.android.tools.r8.D8.a(R8_4.0.52_5a340ca2823c7e792fe09805c75f749b9d398d230bc0518bb54ae9b6b50addbe:90)
	at com.android.tools.r8.D8.d(R8_4.0.52_5a340ca2823c7e792fe09805c75f749b9d398d230bc0518bb54ae9b6b50addbe:154)
	at com.android.tools.r8.D8.b(R8_4.0.52_5a340ca2823c7e792fe09805c75f749b9d398d230bc0518bb54ae9b6b50addbe:1)
	at com.android.tools.r8.internal.vk.a(R8_4.0.52_5a340ca2823c7e792fe09805c75f749b9d398d230bc0518bb54ae9b6b50addbe:24)
	... 118 more
	Suppressed: java.lang.RuntimeException: java.util.concurrent.ExecutionException: com.android.tools.r8.kotlin.H
		at com.android.tools.r8.D8.d(R8_4.0.52_5a340ca2823c7e792fe09805c75f749b9d398d230bc0518bb54ae9b6b50addbe:174)
		at com.android.tools.r8.D8.b(R8_4.0.52_5a340ca2823c7e792fe09805c75f749b9d398d230bc0518bb54ae9b6b50addbe:1)
		at com.android.tools.r8.internal.vk.a(R8_4.0.52_5a340ca2823c7e792fe09805c75f749b9d398d230bc0518bb54ae9b6b50addbe:24)
		at com.android.tools.r8.internal.vk.b(R8_4.0.52_5a340ca2823c7e792fe09805c75f749b9d398d230bc0518bb54ae9b6b50addbe:2)
		at com.android.tools.r8.D8.run(R8_4.0.52_5a340ca2823c7e792fe09805c75f749b9d398d230bc0518bb54ae9b6b50addbe:11)
		at com.android.builder.dexing.D8DexArchiveBuilder.convert(D8DexArchiveBuilder.java:120)
		at com.android.build.gradle.internal.dependency.BaseDexingTransform.process(DexingTransform.kt:294)
		at com.android.build.gradle.internal.dependency.BaseDexingTransform.processNonIncrementally(DexingTransform.kt:241)
		at com.android.build.gradle.internal.dependency.BaseDexingTransform.doTransform(DexingTransform.kt:151)
		at com.android.build.gradle.internal.dependency.BaseDexingTransform.transform(DexingTransform.kt:109)
		at org.gradle.api.internal.artifacts.transform.DefaultTransformer.transform(DefaultTransformer.java:264)
		at org.gradle.api.internal.artifacts.transform.DefaultTransformerInvocationFactory$AbstractTransformerExecution$1.call(DefaultTransformerInvocationFactory.java:290)
		at org.gradle.api.internal.artifacts.transform.DefaultTransformerInvocationFactory$AbstractTransformerExecution$1.call(DefaultTransformerInvocationFactory.java:285)
		at org.gradle.internal.operations.DefaultBuildOperationRunner$CallableBuildOperationWorker.execute(DefaultBuildOperationRunner.java:204)
		at org.gradle.internal.operations.DefaultBuildOperationRunner$CallableBuildOperationWorker.execute(DefaultBuildOperationRunner.java:199)
		at org.gradle.internal.operations.DefaultBuildOperationRunner$2.execute(DefaultBuildOperationRunner.java:66)
		at org.gradle.internal.operations.DefaultBuildOperationRunner$2.execute(DefaultBuildOperationRunner.java:59)
		at org.gradle.internal.operations.DefaultBuildOperationRunner.execute(DefaultBuildOperationRunner.java:157)
		at org.gradle.internal.operations.DefaultBuildOperationRunner.execute(DefaultBuildOperationRunner.java:59)
		at org.gradle.internal.operations.DefaultBuildOperationRunner.call(DefaultBuildOperationRunner.java:53)
		at org.gradle.internal.operations.DefaultBuildOperationExecutor.call(DefaultBuildOperationExecutor.java:73)
		at org.gradle.api.internal.artifacts.transform.DefaultTransformerInvocationFactory$AbstractTransformerExecution.execute(DefaultTransformerInvocationFactory.java:285)
		at org.gradle.internal.execution.steps.ExecuteStep.executeInternal(ExecuteStep.java:89)
		at org.gradle.internal.execution.steps.ExecuteStep.access$000(ExecuteStep.java:40)
		at org.gradle.internal.execution.steps.ExecuteStep$1.call(ExecuteStep.java:53)
		at org.gradle.internal.execution.steps.ExecuteStep$1.call(ExecuteStep.java:50)
		at org.gradle.internal.operations.DefaultBuildOperationRunner$CallableBuildOperationWorker.execute(DefaultBuildOperationRunner.java:204)
		at org.gradle.internal.operations.DefaultBuildOperationRunner$CallableBuildOperationWorker.execute(DefaultBuildOperationRunner.java:199)
		at org.gradle.internal.operations.DefaultBuildOperationRunner$2.execute(DefaultBuildOperationRunner.java:66)
		at org.gradle.internal.operations.DefaultBuildOperationRunner$2.execute(DefaultBuildOperationRunner.java:59)
		at org.gradle.internal.operations.DefaultBuildOperationRunner.execute(DefaultBuildOperationRunner.java:157)
		at org.gradle.internal.operations.DefaultBuildOperationRunner.execute(DefaultBuildOperationRunner.java:59)
		at org.gradle.internal.operations.DefaultBuildOperationRunner.call(DefaultBuildOperationRunner.java:53)
		at org.gradle.internal.operations.DefaultBuildOperationExecutor.call(DefaultBuildOperationExecutor.java:73)
		at org.gradle.internal.execution.steps.ExecuteStep.execute(ExecuteStep.java:50)
		at org.gradle.internal.execution.steps.ExecuteStep.execute(ExecuteStep.java:40)
		at org.gradle.internal.execution.steps.RemovePreviousOutputsStep.execute(RemovePreviousOutputsStep.java:68)
		at org.gradle.internal.execution.steps.RemovePreviousOutputsStep.execute(RemovePreviousOutputsStep.java:38)
		at org.gradle.internal.execution.steps.CancelExecutionStep.execute(CancelExecutionStep.java:41)
		at org.gradle.internal.execution.steps.TimeoutStep.executeWithoutTimeout(TimeoutStep.java:74)
		at org.gradle.internal.execution.steps.TimeoutStep.execute(TimeoutStep.java:55)
		at org.gradle.internal.execution.steps.CreateOutputsStep.execute(CreateOutputsStep.java:51)
		at org.gradle.internal.execution.steps.CreateOutputsStep.execute(CreateOutputsStep.java:29)
		at org.gradle.internal.execution.steps.CaptureStateAfterExecutionStep.executeDelegateBroadcastingChanges(CaptureStateAfterExecutionStep.java:124)
		at org.gradle.internal.execution.steps.CaptureStateAfterExecutionStep.execute(CaptureStateAfterExecutionStep.java:80)
		at org.gradle.internal.execution.steps.CaptureStateAfterExecutionStep.execute(CaptureStateAfterExecutionStep.java:58)
		at org.gradle.internal.execution.steps.ResolveInputChangesStep.execute(ResolveInputChangesStep.java:48)
		at org.gradle.internal.execution.steps.ResolveInputChangesStep.execute(ResolveInputChangesStep.java:36)
		at org.gradle.internal.execution.steps.BuildCacheStep.executeWithoutCache(BuildCacheStep.java:181)
		at org.gradle.internal.execution.steps.BuildCacheStep.lambda$execute$1(BuildCacheStep.java:71)
		at org.gradle.internal.Either$Right.fold(Either.java:175)
		at org.gradle.internal.execution.caching.CachingState.fold(CachingState.java:59)
		at org.gradle.internal.execution.steps.BuildCacheStep.execute(BuildCacheStep.java:69)
		at org.gradle.internal.execution.steps.BuildCacheStep.execute(BuildCacheStep.java:47)
		at org.gradle.internal.execution.steps.StoreExecutionStateStep.execute(StoreExecutionStateStep.java:36)
		at org.gradle.internal.execution.steps.StoreExecutionStateStep.execute(StoreExecutionStateStep.java:25)
		at org.gradle.internal.execution.steps.RecordOutputsStep.execute(RecordOutputsStep.java:36)
		at org.gradle.internal.execution.steps.RecordOutputsStep.execute(RecordOutputsStep.java:22)
		at org.gradle.internal.execution.steps.SkipUpToDateStep.executeBecause(SkipUpToDateStep.java:110)
		at org.gradle.internal.execution.steps.SkipUpToDateStep.lambda$execute$2(SkipUpToDateStep.java:56)
		at java.base/java.util.Optional.orElseGet(Optional.java:369)
		at org.gradle.internal.execution.steps.SkipUpToDateStep.execute(SkipUpToDateStep.java:56)
		at org.gradle.internal.execution.steps.SkipUpToDateStep.execute(SkipUpToDateStep.java:38)
		at org.gradle.internal.execution.steps.ResolveChangesStep.execute(ResolveChangesStep.java:73)
		at org.gradle.internal.execution.steps.ResolveChangesStep.execute(ResolveChangesStep.java:44)
		at org.gradle.internal.execution.steps.legacy.MarkSnapshottingInputsFinishedStep.execute(MarkSnapshottingInputsFinishedStep.java:37)
		at org.gradle.internal.execution.steps.legacy.MarkSnapshottingInputsFinishedStep.execute(MarkSnapshottingInputsFinishedStep.java:27)
		at org.gradle.internal.execution.steps.ResolveCachingStateStep.execute(ResolveCachingStateStep.java:89)
		at org.gradle.internal.execution.steps.ResolveCachingStateStep.execute(ResolveCachingStateStep.java:50)
		at org.gradle.internal.execution.steps.ValidateStep.execute(ValidateStep.java:114)
		at org.gradle.internal.execution.steps.ValidateStep.execute(ValidateStep.java:57)
		at org.gradle.internal.execution.steps.CaptureStateBeforeExecutionStep.execute(CaptureStateBeforeExecutionStep.java:76)
		at org.gradle.internal.execution.steps.CaptureStateBeforeExecutionStep.execute(CaptureStateBeforeExecutionStep.java:50)
		at org.gradle.internal.execution.steps.SkipEmptyWorkStep.executeWithNoEmptySources(SkipEmptyWorkStep.java:254)
		at org.gradle.internal.execution.steps.SkipEmptyWorkStep.execute(SkipEmptyWorkStep.java:91)
		at org.gradle.internal.execution.steps.SkipEmptyWorkStep.execute(SkipEmptyWorkStep.java:56)
		at org.gradle.internal.execution.steps.RemoveUntrackedExecutionStateStep.execute(RemoveUntrackedExecutionStateStep.java:32)
		at org.gradle.internal.execution.steps.RemoveUntrackedExecutionStateStep.execute(RemoveUntrackedExecutionStateStep.java:21)
		at org.gradle.internal.execution.steps.legacy.MarkSnapshottingInputsStartedStep.execute(MarkSnapshottingInputsStartedStep.java:38)
		at org.gradle.internal.execution.steps.LoadPreviousExecutionStateStep.execute(LoadPreviousExecutionStateStep.java:43)
		at org.gradle.internal.execution.steps.LoadPreviousExecutionStateStep.execute(LoadPreviousExecutionStateStep.java:31)
		at org.gradle.internal.execution.steps.AssignWorkspaceStep.lambda$execute$0(AssignWorkspaceStep.java:40)
		at org.gradle.internal.execution.workspace.impl.DefaultImmutableWorkspaceProvider.lambda$withWorkspace$3(DefaultImmutableWorkspaceProvider.java:124)
		at org.gradle.cache.internal.LockOnDemandCrossProcessCacheAccess.withFileLock(LockOnDemandCrossProcessCacheAccess.java:90)
		at org.gradle.cache.internal.DefaultCacheAccess.withFileLock(DefaultCacheAccess.java:191)
		at org.gradle.cache.internal.DefaultPersistentDirectoryStore.withFileLock(DefaultPersistentDirectoryStore.java:188)
		at org.gradle.cache.internal.DefaultCacheFactory$ReferenceTrackingCache.withFileLock(DefaultCacheFactory.java:209)
		at org.gradle.internal.execution.workspace.impl.DefaultImmutableWorkspaceProvider.withWorkspace(DefaultImmutableWorkspaceProvider.java:121)
		at org.gradle.internal.execution.steps.AssignWorkspaceStep.execute(AssignWorkspaceStep.java:40)
		at org.gradle.internal.execution.steps.AssignWorkspaceStep.execute(AssignWorkspaceStep.java:30)
		at org.gradle.internal.execution.steps.IdentityCacheStep.execute(IdentityCacheStep.java:37)
		at org.gradle.internal.execution.steps.IdentityCacheStep.lambda$executeDeferred$0(IdentityCacheStep.java:49)
		at org.gradle.cache.Cache.lambda$get$0(Cache.java:31)
		at java.base/java.util.concurrent.ConcurrentHashMap.computeIfAbsent(ConcurrentHashMap.java:1737)
		at org.gradle.cache.ManualEvictionInMemoryCache.get(ManualEvictionInMemoryCache.java:30)
		at org.gradle.cache.internal.DefaultCrossBuildInMemoryCacheFactory$CrossBuildCacheRetainingDataFromPreviousBuild.get(DefaultCrossBuildInMemoryCacheFactory.java:255)
		at org.gradle.cache.Cache.get(Cache.java:31)
		at org.gradle.internal.execution.steps.IdentityCacheStep.lambda$executeDeferred$1(IdentityCacheStep.java:47)
		at org.gradle.api.internal.artifacts.transform.DefaultTransformerInvocationFactory$1.lambda$processDeferredOutput$0(DefaultTransformerInvocationFactory.java:152)
		at org.gradle.api.internal.artifacts.transform.DefaultTransformerInvocationFactory.fireTransformListeners(DefaultTransformerInvocationFactory.java:184)
		at org.gradle.api.internal.artifacts.transform.DefaultTransformerInvocationFactory.access$000(DefaultTransformerInvocationFactory.java:69)
		at org.gradle.api.internal.artifacts.transform.DefaultTransformerInvocationFactory$1.lambda$processDeferredOutput$1(DefaultTransformerInvocationFactory.java:151)
		at org.gradle.api.internal.artifacts.transform.CacheableInvocation$3.invoke(CacheableInvocation.java:110)
		at org.gradle.api.internal.artifacts.transform.CacheableInvocation$1.invoke(CacheableInvocation.java:58)
		at org.gradle.api.internal.artifacts.transform.TransformingAsyncArtifactListener$TransformedArtifact.finalizeValue(TransformingAsyncArtifactListener.java:203)
		at org.gradle.api.internal.artifacts.transform.TransformingAsyncArtifactListener$TransformedArtifact.run(TransformingAsyncArtifactListener.java:136)
		at org.gradle.internal.operations.DefaultBuildOperationRunner$2.execute(DefaultBuildOperationRunner.java:66)
		at org.gradle.internal.operations.DefaultBuildOperationRunner$2.execute(DefaultBuildOperationRunner.java:59)
		at org.gradle.internal.operations.DefaultBuildOperationRunner.execute(DefaultBuildOperationRunner.java:157)
		at org.gradle.internal.operations.DefaultBuildOperationRunner.execute(DefaultBuildOperationRunner.java:59)
		at org.gradle.internal.operations.DefaultBuildOperationExecutor$QueueWorker.execute(DefaultBuildOperationExecutor.java:238)
		at org.gradle.internal.operations.DefaultBuildOperationQueue$WorkerRunnable.runOperation(DefaultBuildOperationQueue.java:266)
		at org.gradle.internal.operations.DefaultBuildOperationQueue$WorkerRunnable.doRunBatch(DefaultBuildOperationQueue.java:247)
		at org.gradle.internal.operations.DefaultBuildOperationQueue$WorkerRunnable.lambda$runBatch$0(DefaultBuildOperationQueue.java:237)
		at org.gradle.internal.resources.AbstractResourceLockRegistry.whileDisallowingLockChanges(AbstractResourceLockRegistry.java:50)
		at org.gradle.internal.work.DefaultWorkerLeaseService.whileDisallowingProjectLockChanges(DefaultWorkerLeaseService.java:221)
		at org.gradle.internal.operations.DefaultBuildOperationQueue$WorkerRunnable.lambda$runBatch$1(DefaultBuildOperationQueue.java:237)
		at org.gradle.internal.work.DefaultWorkerLeaseService.withLocks(DefaultWorkerLeaseService.java:249)
		at org.gradle.internal.work.DefaultWorkerLeaseService.runAsWorkerThread(DefaultWorkerLeaseService.java:109)
		at org.gradle.internal.operations.DefaultBuildOperationQueue$WorkerRunnable.runBatch(DefaultBuildOperationQueue.java:223)
		at org.gradle.internal.operations.DefaultBuildOperationQueue$WorkerRunnable.run(DefaultBuildOperationQueue.java:191)
		at org.gradle.internal.concurrent.ExecutorPolicy$CatchAndRecordFailures.onExecute(ExecutorPolicy.java:64)
		at org.gradle.internal.concurrent.ManagedExecutorImpl$1.run(ManagedExecutorImpl.java:48)
		at java.base/java.util.concurrent.ThreadPoolExecutor.runWorker(ThreadPoolExecutor.java:1128)
		at java.base/java.util.concurrent.ThreadPoolExecutor$Worker.run(ThreadPoolExecutor.java:628)
		at java.base/java.lang.Thread.run(Thread.java:834)
	Caused by: java.util.concurrent.ExecutionException: com.android.tools.r8.kotlin.H
		at com.google.common.util.concurrent.AbstractFuture.getDoneValue(AbstractFuture.java:566)
		at com.google.common.util.concurrent.AbstractFuture.get(AbstractFuture.java:527)
		at com.google.common.util.concurrent.FluentFuture$TrustedFuture.get(FluentFuture.java:88)
		at com.android.tools.r8.utils.x.a(R8_4.0.52_5a340ca2823c7e792fe09805c75f749b9d398d230bc0518bb54ae9b6b50addbe:14)
		at com.android.tools.r8.utils.x.a(R8_4.0.52_5a340ca2823c7e792fe09805c75f749b9d398d230bc0518bb54ae9b6b50addbe:45)
		at com.android.tools.r8.utils.x.a(R8_4.0.52_5a340ca2823c7e792fe09805c75f749b9d398d230bc0518bb54ae9b6b50addbe:43)
		at com.android.tools.r8.utils.x.a(R8_4.0.52_5a340ca2823c7e792fe09805c75f749b9d398d230bc0518bb54ae9b6b50addbe:42)
		at com.android.tools.r8.internal.OB.a(R8_4.0.52_5a340ca2823c7e792fe09805c75f749b9d398d230bc0518bb54ae9b6b50addbe:35)
		at com.android.tools.r8.D8.b(R8_4.0.52_5a340ca2823c7e792fe09805c75f749b9d398d230bc0518bb54ae9b6b50addbe:9)
		at com.android.tools.r8.internal.H20.a(R8_4.0.52_5a340ca2823c7e792fe09805c75f749b9d398d230bc0518bb54ae9b6b50addbe:50)
		at com.android.tools.r8.D8.a(R8_4.0.52_5a340ca2823c7e792fe09805c75f749b9d398d230bc0518bb54ae9b6b50addbe:90)
		at com.android.tools.r8.D8.d(R8_4.0.52_5a340ca2823c7e792fe09805c75f749b9d398d230bc0518bb54ae9b6b50addbe:154)
		... 125 more
	[CIRCULAR REFERENCE:com.android.tools.r8.kotlin.H]
Cause 2: org.gradle.api.internal.artifacts.transform.TransformException: Failed to transform kotlin-stdlib-1.9.22.jar (org.jetbrains.kotlin:kotlin-stdlib:1.9.22) to match attributes {artifactType=android-dex, asm-transformed-variant=NONE, dexing-enable-desugaring=true, dexing-enable-jacoco-instrumentation=false, dexing-is-debuggable=true, dexing-min-sdk=23, org.gradle.category=library, org.gradle.jvm.environment=standard-jvm, org.gradle.libraryelements=jar, org.gradle.status=release, org.gradle.usage=java-runtime, org.jetbrains.kotlin.platform.type=jvm}.
	at org.gradle.api.internal.artifacts.transform.TransformingAsyncArtifactListener$TransformedArtifact.lambda$visit$2(TransformingAsyncArtifactListener.java:232)
	at org.gradle.internal.Try$Failure.ifSuccessfulOrElse(Try.java:282)
	at org.gradle.api.internal.artifacts.transform.TransformingAsyncArtifactListener$TransformedArtifact.visit(TransformingAsyncArtifactListener.java:224)
	at org.gradle.api.internal.artifacts.ivyservice.resolveengine.artifact.ParallelResolveArtifactSet$VisitingSet$StartVisitAction.visitResults(ParallelResolveArtifactSet.java:100)
	at org.gradle.api.internal.artifacts.ivyservice.resolveengine.artifact.ParallelResolveArtifactSet$VisitingSet.visit(ParallelResolveArtifactSet.java:69)
	at org.gradle.api.internal.artifacts.ivyservice.DefaultLenientConfiguration.visitArtifacts(DefaultLenientConfiguration.java:301)
	at org.gradle.api.internal.artifacts.ivyservice.DefaultLenientConfiguration.access$600(DefaultLenientConfiguration.java:75)
	at org.gradle.api.internal.artifacts.ivyservice.DefaultLenientConfiguration$3.run(DefaultLenientConfiguration.java:249)
	at org.gradle.internal.operations.DefaultBuildOperationRunner$1.execute(DefaultBuildOperationRunner.java:29)
	at org.gradle.internal.operations.DefaultBuildOperationRunner$1.execute(DefaultBuildOperationRunner.java:26)
	at org.gradle.internal.operations.DefaultBuildOperationRunner$2.execute(DefaultBuildOperationRunner.java:66)
	at org.gradle.internal.operations.DefaultBuildOperationRunner$2.execute(DefaultBuildOperationRunner.java:59)
	at org.gradle.internal.operations.DefaultBuildOperationRunner.execute(DefaultBuildOperationRunner.java:157)
	at org.gradle.internal.operations.DefaultBuildOperationRunner.execute(DefaultBuildOperationRunner.java:59)
	at org.gradle.internal.operations.DefaultBuildOperationRunner.run(DefaultBuildOperationRunner.java:47)
	at org.gradle.internal.operations.DefaultBuildOperationExecutor.run(DefaultBuildOperationExecutor.java:68)
	at org.gradle.api.internal.artifacts.ivyservice.DefaultLenientConfiguration.visitArtifactsWithBuildOperation(DefaultLenientConfiguration.java:246)
	at org.gradle.api.internal.artifacts.ivyservice.DefaultLenientConfiguration.access$300(DefaultLenientConfiguration.java:75)
	at org.gradle.api.internal.artifacts.ivyservice.DefaultLenientConfiguration$2.lambda$visitArtifacts$0(DefaultLenientConfiguration.java:149)
	at org.gradle.internal.work.DefaultWorkerLeaseService.runAsUnmanagedWorkerThread(DefaultWorkerLeaseService.java:121)
	at org.gradle.api.internal.artifacts.ivyservice.DefaultLenientConfiguration$2.visitArtifacts(DefaultLenientConfiguration.java:149)
	at org.gradle.api.internal.artifacts.configurations.DefaultConfiguration$ConfigurationFileCollection.visitContents(DefaultConfiguration.java:1494)
	at org.gradle.api.internal.file.AbstractFileCollection.visitStructure(AbstractFileCollection.java:375)
	at org.gradle.api.internal.file.CompositeFileCollection.lambda$visitContents$0(CompositeFileCollection.java:119)
	at org.gradle.api.internal.file.collections.UnpackingVisitor.add(UnpackingVisitor.java:64)
	at org.gradle.api.internal.file.collections.UnpackingVisitor.add(UnpackingVisitor.java:89)
	at org.gradle.api.internal.file.DefaultFileCollectionFactory$ResolvingFileCollection.visitChildren(DefaultFileCollectionFactory.java:333)
	at org.gradle.api.internal.file.CompositeFileCollection.visitContents(CompositeFileCollection.java:119)
	at org.gradle.api.internal.file.AbstractFileCollection.visitStructure(AbstractFileCollection.java:375)
	at org.gradle.api.internal.file.CompositeFileCollection.lambda$visitContents$0(CompositeFileCollection.java:119)
	at org.gradle.api.internal.tasks.PropertyFileCollection.visitChildren(PropertyFileCollection.java:48)
	at org.gradle.api.internal.file.CompositeFileCollection.visitContents(CompositeFileCollection.java:119)
	at org.gradle.api.internal.file.AbstractFileCollection.visitStructure(AbstractFileCollection.java:375)
	at org.gradle.internal.fingerprint.impl.DefaultFileCollectionSnapshotter.snapshot(DefaultFileCollectionSnapshotter.java:51)
	at org.gradle.internal.execution.fingerprint.impl.DefaultInputFingerprinter$InputCollectingVisitor.visitInputFileProperty(DefaultInputFingerprinter.java:131)
	at org.gradle.api.internal.tasks.execution.TaskExecution.visitRegularInputs(TaskExecution.java:322)
	at org.gradle.internal.execution.fingerprint.impl.DefaultInputFingerprinter.fingerprintInputProperties(DefaultInputFingerprinter.java:61)
	at org.gradle.internal.execution.steps.CaptureStateBeforeExecutionStep.captureExecutionStateWithOutputs(CaptureStateBeforeExecutionStep.java:193)
	at org.gradle.internal.execution.steps.CaptureStateBeforeExecutionStep.lambda$captureExecutionState$1(CaptureStateBeforeExecutionStep.java:141)
	at org.gradle.internal.execution.steps.BuildOperationStep$1.call(BuildOperationStep.java:37)
	at org.gradle.internal.operations.DefaultBuildOperationRunner$CallableBuildOperationWorker.execute(DefaultBuildOperationRunner.java:204)
	at org.gradle.internal.operations.DefaultBuildOperationRunner$CallableBuildOperationWorker.execute(DefaultBuildOperationRunner.java:199)
	at org.gradle.internal.operations.DefaultBuildOperationRunner$2.execute(DefaultBuildOperationRunner.java:66)
	at org.gradle.internal.operations.DefaultBuildOperationRunner$2.execute(DefaultBuildOperationRunner.java:59)
	at org.gradle.internal.operations.DefaultBuildOperationRunner.execute(DefaultBuildOperationRunner.java:157)
	at org.gradle.internal.operations.DefaultBuildOperationRunner.execute(DefaultBuildOperationRunner.java:59)
	at org.gradle.internal.operations.DefaultBuildOperationRunner.call(DefaultBuildOperationRunner.java:53)
	at org.gradle.internal.operations.DefaultBuildOperationExecutor.call(DefaultBuildOperationExecutor.java:73)
	at org.gradle.internal.execution.steps.BuildOperationStep.operation(BuildOperationStep.java:34)
	at org.gradle.internal.execution.steps.CaptureStateBeforeExecutionStep.captureExecutionState(CaptureStateBeforeExecutionStep.java:130)
	at org.gradle.internal.execution.steps.CaptureStateBeforeExecutionStep.lambda$execute$0(CaptureStateBeforeExecutionStep.java:75)
	at java.base/java.util.Optional.flatMap(Optional.java:294)
	at org.gradle.internal.execution.steps.CaptureStateBeforeExecutionStep.execute(CaptureStateBeforeExecutionStep.java:75)
	at org.gradle.internal.execution.steps.CaptureStateBeforeExecutionStep.execute(CaptureStateBeforeExecutionStep.java:50)
	at org.gradle.internal.execution.steps.SkipEmptyWorkStep.executeWithNoEmptySources(SkipEmptyWorkStep.java:254)
	at org.gradle.internal.execution.steps.SkipEmptyWorkStep.execute(SkipEmptyWorkStep.java:91)
	at org.gradle.internal.execution.steps.SkipEmptyWorkStep.execute(SkipEmptyWorkStep.java:56)
	at org.gradle.internal.execution.steps.RemoveUntrackedExecutionStateStep.execute(RemoveUntrackedExecutionStateStep.java:32)
	at org.gradle.internal.execution.steps.RemoveUntrackedExecutionStateStep.execute(RemoveUntrackedExecutionStateStep.java:21)
	at org.gradle.internal.execution.steps.legacy.MarkSnapshottingInputsStartedStep.execute(MarkSnapshottingInputsStartedStep.java:38)
	at org.gradle.internal.execution.steps.LoadPreviousExecutionStateStep.execute(LoadPreviousExecutionStateStep.java:43)
	at org.gradle.internal.execution.steps.LoadPreviousExecutionStateStep.execute(LoadPreviousExecutionStateStep.java:31)
	at org.gradle.internal.execution.steps.AssignWorkspaceStep.lambda$execute$0(AssignWorkspaceStep.java:40)
	at org.gradle.api.internal.tasks.execution.TaskExecution$4.withWorkspace(TaskExecution.java:281)
	at org.gradle.internal.execution.steps.AssignWorkspaceStep.execute(AssignWorkspaceStep.java:40)
	at org.gradle.internal.execution.steps.AssignWorkspaceStep.execute(AssignWorkspaceStep.java:30)
	at org.gradle.internal.execution.steps.IdentityCacheStep.execute(IdentityCacheStep.java:37)
	at org.gradle.internal.execution.steps.IdentityCacheStep.execute(IdentityCacheStep.java:27)
	at org.gradle.internal.execution.steps.IdentifyStep.execute(IdentifyStep.java:44)
	at org.gradle.internal.execution.steps.IdentifyStep.execute(IdentifyStep.java:33)
	at org.gradle.internal.execution.impl.DefaultExecutionEngine$1.execute(DefaultExecutionEngine.java:76)
	at org.gradle.api.internal.tasks.execution.ExecuteActionsTaskExecuter.executeIfValid(ExecuteActionsTaskExecuter.java:139)
	at org.gradle.api.internal.tasks.execution.ExecuteActionsTaskExecuter.execute(ExecuteActionsTaskExecuter.java:128)
	at org.gradle.api.internal.tasks.execution.CleanupStaleOutputsExecuter.execute(CleanupStaleOutputsExecuter.java:77)
	at org.gradle.api.internal.tasks.execution.FinalizePropertiesTaskExecuter.execute(FinalizePropertiesTaskExecuter.java:46)
	at org.gradle.api.internal.tasks.execution.ResolveTaskExecutionModeExecuter.execute(ResolveTaskExecutionModeExecuter.java:51)
	at org.gradle.api.internal.tasks.execution.SkipTaskWithNoActionsExecuter.execute(SkipTaskWithNoActionsExecuter.java:57)
	at org.gradle.api.internal.tasks.execution.SkipOnlyIfTaskExecuter.execute(SkipOnlyIfTaskExecuter.java:56)
	at org.gradle.api.internal.tasks.execution.CatchExceptionTaskExecuter.execute(CatchExceptionTaskExecuter.java:36)
	at org.gradle.api.internal.tasks.execution.EventFiringTaskExecuter$1.executeTask(EventFiringTaskExecuter.java:77)
	at org.gradle.api.internal.tasks.execution.EventFiringTaskExecuter$1.call(EventFiringTaskExecuter.java:55)
	at org.gradle.api.internal.tasks.execution.EventFiringTaskExecuter$1.call(EventFiringTaskExecuter.java:52)
	at org.gradle.internal.operations.DefaultBuildOperationRunner$CallableBuildOperationWorker.execute(DefaultBuildOperationRunner.java:204)
	at org.gradle.internal.operations.DefaultBuildOperationRunner$CallableBuildOperationWorker.execute(DefaultBuildOperationRunner.java:199)
	at org.gradle.internal.operations.DefaultBuildOperationRunner$2.execute(DefaultBuildOperationRunner.java:66)
	at org.gradle.internal.operations.DefaultBuildOperationRunner$2.execute(DefaultBuildOperationRunner.java:59)
	at org.gradle.internal.operations.DefaultBuildOperationRunner.execute(DefaultBuildOperationRunner.java:157)
	at org.gradle.internal.operations.DefaultBuildOperationRunner.execute(DefaultBuildOperationRunner.java:59)
	at org.gradle.internal.operations.DefaultBuildOperationRunner.call(DefaultBuildOperationRunner.java:53)
	at org.gradle.internal.operations.DefaultBuildOperationExecutor.call(DefaultBuildOperationExecutor.java:73)
	at org.gradle.api.internal.tasks.execution.EventFiringTaskExecuter.execute(EventFiringTaskExecuter.java:52)
	at org.gradle.execution.plan.LocalTaskNodeExecutor.execute(LocalTaskNodeExecutor.java:69)
	at org.gradle.execution.taskgraph.DefaultTaskExecutionGraph$InvokeNodeExecutorsAction.execute(DefaultTaskExecutionGraph.java:327)
	at org.gradle.execution.taskgraph.DefaultTaskExecutionGraph$InvokeNodeExecutorsAction.execute(DefaultTaskExecutionGraph.java:314)
	at org.gradle.execution.taskgraph.DefaultTaskExecutionGraph$BuildOperationAwareExecutionAction.execute(DefaultTaskExecutionGraph.java:307)
	at org.gradle.execution.taskgraph.DefaultTaskExecutionGraph$BuildOperationAwareExecutionAction.execute(DefaultTaskExecutionGraph.java:293)
	at org.gradle.execution.plan.DefaultPlanExecutor$ExecutorWorker.execute(DefaultPlanExecutor.java:417)
	at org.gradle.execution.plan.DefaultPlanExecutor$ExecutorWorker.run(DefaultPlanExecutor.java:339)
	at org.gradle.execution.plan.DefaultPlanExecutor.process(DefaultPlanExecutor.java:96)
	at org.gradle.execution.taskgraph.DefaultTaskExecutionGraph.executeWithServices(DefaultTaskExecutionGraph.java:140)
	at org.gradle.execution.taskgraph.DefaultTaskExecutionGraph.execute(DefaultTaskExecutionGraph.java:125)
	at org.gradle.execution.SelectedTaskExecutionAction.execute(SelectedTaskExecutionAction.java:39)
	at org.gradle.execution.DryRunBuildExecutionAction.execute(DryRunBuildExecutionAction.java:51)
	at org.gradle.execution.BuildOperationFiringBuildWorkerExecutor$ExecuteTasks.call(BuildOperationFiringBuildWorkerExecutor.java:54)
	at org.gradle.execution.BuildOperationFiringBuildWorkerExecutor$ExecuteTasks.call(BuildOperationFiringBuildWorkerExecutor.java:43)
	at org.gradle.internal.operations.DefaultBuildOperationRunner$CallableBuildOperationWorker.execute(DefaultBuildOperationRunner.java:204)
	at org.gradle.internal.operations.DefaultBuildOperationRunner$CallableBuildOperationWorker.execute(DefaultBuildOperationRunner.java:199)
	at org.gradle.internal.operations.DefaultBuildOperationRunner$2.execute(DefaultBuildOperationRunner.java:66)
	at org.gradle.internal.operations.DefaultBuildOperationRunner$2.execute(DefaultBuildOperationRunner.java:59)
	at org.gradle.internal.operations.DefaultBuildOperationRunner.execute(DefaultBuildOperationRunner.java:157)
	at org.gradle.internal.operations.DefaultBuildOperationRunner.execute(DefaultBuildOperationRunner.java:59)
	at org.gradle.internal.operations.DefaultBuildOperationRunner.call(DefaultBuildOperationRunner.java:53)
	at org.gradle.internal.operations.DefaultBuildOperationExecutor.call(DefaultBuildOperationExecutor.java:73)
	at org.gradle.execution.BuildOperationFiringBuildWorkerExecutor.execute(BuildOperationFiringBuildWorkerExecutor.java:40)
	at org.gradle.internal.build.DefaultBuildLifecycleController.lambda$executeTasks$7(DefaultBuildLifecycleController.java:161)
	at org.gradle.internal.model.StateTransitionController.doTransition(StateTransitionController.java:247)
	at org.gradle.internal.model.StateTransitionController.lambda$tryTransition$7(StateTransitionController.java:174)
	at org.gradle.internal.work.DefaultSynchronizer.withLock(DefaultSynchronizer.java:44)
	at org.gradle.internal.model.StateTransitionController.tryTransition(StateTransitionController.java:174)
	at org.gradle.internal.build.DefaultBuildLifecycleController.executeTasks(DefaultBuildLifecycleController.java:161)
	at org.gradle.internal.build.DefaultBuildWorkGraphController$DefaultBuildWorkGraph.runWork(DefaultBuildWorkGraphController.java:156)
	at org.gradle.internal.work.DefaultWorkerLeaseService.withLocks(DefaultWorkerLeaseService.java:249)
	at org.gradle.internal.work.DefaultWorkerLeaseService.runAsWorkerThread(DefaultWorkerLeaseService.java:109)
	at org.gradle.composite.internal.DefaultBuildController.doRun(DefaultBuildController.java:164)
	at org.gradle.composite.internal.DefaultBuildController.access$000(DefaultBuildController.java:45)
	at org.gradle.composite.internal.DefaultBuildController$BuildOpRunnable.run(DefaultBuildController.java:183)
	at java.base/java.util.concurrent.Executors$RunnableAdapter.call(Executors.java:515)
	at java.base/java.util.concurrent.FutureTask.run(FutureTask.java:264)
	at org.gradle.internal.concurrent.ExecutorPolicy$CatchAndRecordFailures.onExecute(ExecutorPolicy.java:64)
	at org.gradle.internal.concurrent.ManagedExecutorImpl$1.run(ManagedExecutorImpl.java:48)
	at java.base/java.util.concurrent.ThreadPoolExecutor.runWorker(ThreadPoolExecutor.java:1128)
	at java.base/java.util.concurrent.ThreadPoolExecutor$Worker.run(ThreadPoolExecutor.java:628)
	at java.base/java.lang.Thread.run(Thread.java:834)
Caused by: org.gradle.api.internal.artifacts.transform.TransformException: Execution failed for DexingWithClasspathTransform: D:\code\AndroidDemo\.gradle-user-home\caches\transforms-3\753ae822a724eca31cf09db0a7157c90\transformed\jetified-kotlin-stdlib-1.9.22.jar.
	at org.gradle.api.internal.artifacts.transform.DefaultTransformerInvocationFactory$1.lambda$mapResult$3(DefaultTransformerInvocationFactory.java:159)
	at org.gradle.internal.Try$Failure.mapFailure(Try.java:273)
	at org.gradle.api.internal.artifacts.transform.DefaultTransformerInvocationFactory$1.mapResult(DefaultTransformerInvocationFactory.java:159)
	at org.gradle.api.internal.artifacts.transform.DefaultTransformerInvocationFactory$1.lambda$processDeferredOutput$0(DefaultTransformerInvocationFactory.java:152)
	at org.gradle.api.internal.artifacts.transform.DefaultTransformerInvocationFactory.fireTransformListeners(DefaultTransformerInvocationFactory.java:184)
	at org.gradle.api.internal.artifacts.transform.DefaultTransformerInvocationFactory.access$000(DefaultTransformerInvocationFactory.java:69)
	at org.gradle.api.internal.artifacts.transform.DefaultTransformerInvocationFactory$1.lambda$processDeferredOutput$1(DefaultTransformerInvocationFactory.java:151)
	at org.gradle.api.internal.artifacts.transform.CacheableInvocation$3.invoke(CacheableInvocation.java:110)
	at org.gradle.api.internal.artifacts.transform.CacheableInvocation$1.invoke(CacheableInvocation.java:58)
	at org.gradle.api.internal.artifacts.transform.TransformingAsyncArtifactListener$TransformedArtifact.finalizeValue(TransformingAsyncArtifactListener.java:203)
	at org.gradle.api.internal.artifacts.transform.TransformingAsyncArtifactListener$TransformedArtifact.run(TransformingAsyncArtifactListener.java:136)
	at org.gradle.internal.operations.DefaultBuildOperationRunner$2.execute(DefaultBuildOperationRunner.java:66)
	at org.gradle.internal.operations.DefaultBuildOperationRunner$2.execute(DefaultBuildOperationRunner.java:59)
	at org.gradle.internal.operations.DefaultBuildOperationRunner.execute(DefaultBuildOperationRunner.java:157)
	at org.gradle.internal.operations.DefaultBuildOperationRunner.execute(DefaultBuildOperationRunner.java:59)
	at org.gradle.internal.operations.DefaultBuildOperationExecutor$QueueWorker.execute(DefaultBuildOperationExecutor.java:238)
	at org.gradle.internal.operations.DefaultBuildOperationQueue$WorkerRunnable.runOperation(DefaultBuildOperationQueue.java:266)
	at org.gradle.internal.operations.DefaultBuildOperationQueue$WorkerRunnable.doRunBatch(DefaultBuildOperationQueue.java:247)
	at org.gradle.internal.operations.DefaultBuildOperationQueue$WorkerRunnable.lambda$runBatch$0(DefaultBuildOperationQueue.java:237)
	at org.gradle.internal.resources.AbstractResourceLockRegistry.whileDisallowingLockChanges(AbstractResourceLockRegistry.java:50)
	at org.gradle.internal.work.DefaultWorkerLeaseService.whileDisallowingProjectLockChanges(DefaultWorkerLeaseService.java:221)
	at org.gradle.internal.operations.DefaultBuildOperationQueue$WorkerRunnable.lambda$runBatch$1(DefaultBuildOperationQueue.java:237)
	at org.gradle.internal.work.DefaultWorkerLeaseService.withLocks(DefaultWorkerLeaseService.java:249)
	at org.gradle.internal.work.DefaultWorkerLeaseService.runAsWorkerThread(DefaultWorkerLeaseService.java:109)
	at org.gradle.internal.operations.DefaultBuildOperationQueue$WorkerRunnable.runBatch(DefaultBuildOperationQueue.java:223)
	at org.gradle.internal.operations.DefaultBuildOperationQueue$WorkerRunnable.run(DefaultBuildOperationQueue.java:191)
	... 5 more
Caused by: com.android.builder.dexing.DexArchiveBuilderException: Error while dexing.
	at com.android.builder.dexing.D8DexArchiveBuilder.getExceptionToRethrow(D8DexArchiveBuilder.java:183)
	at com.android.builder.dexing.D8DexArchiveBuilder.convert(D8DexArchiveBuilder.java:122)
	at com.android.build.gradle.internal.dependency.BaseDexingTransform.process(DexingTransform.kt:294)
	at com.android.build.gradle.internal.dependency.BaseDexingTransform.processNonIncrementally(DexingTransform.kt:241)
	at com.android.build.gradle.internal.dependency.BaseDexingTransform.doTransform(DexingTransform.kt:151)
	at com.android.build.gradle.internal.dependency.BaseDexingTransform.transform(DexingTransform.kt:109)
	at org.gradle.api.internal.artifacts.transform.DefaultTransformer.transform(DefaultTransformer.java:264)
	at org.gradle.api.internal.artifacts.transform.DefaultTransformerInvocationFactory$AbstractTransformerExecution$1.call(DefaultTransformerInvocationFactory.java:290)
	at org.gradle.api.internal.artifacts.transform.DefaultTransformerInvocationFactory$AbstractTransformerExecution$1.call(DefaultTransformerInvocationFactory.java:285)
	at org.gradle.internal.operations.DefaultBuildOperationRunner$CallableBuildOperationWorker.execute(DefaultBuildOperationRunner.java:204)
	at org.gradle.internal.operations.DefaultBuildOperationRunner$CallableBuildOperationWorker.execute(DefaultBuildOperationRunner.java:199)
	at org.gradle.internal.operations.DefaultBuildOperationRunner$2.execute(DefaultBuildOperationRunner.java:66)
	at org.gradle.internal.operations.DefaultBuildOperationRunner$2.execute(DefaultBuildOperationRunner.java:59)
	at org.gradle.internal.operations.DefaultBuildOperationRunner.execute(DefaultBuildOperationRunner.java:157)
	at org.gradle.internal.operations.DefaultBuildOperationRunner.execute(DefaultBuildOperationRunner.java:59)
	at org.gradle.internal.operations.DefaultBuildOperationRunner.call(DefaultBuildOperationRunner.java:53)
	at org.gradle.internal.operations.DefaultBuildOperationExecutor.call(DefaultBuildOperationExecutor.java:73)
	at org.gradle.api.internal.artifacts.transform.DefaultTransformerInvocationFactory$AbstractTransformerExecution.execute(DefaultTransformerInvocationFactory.java:285)
	at org.gradle.internal.execution.steps.ExecuteStep.executeInternal(ExecuteStep.java:89)
	at org.gradle.internal.execution.steps.ExecuteStep.access$000(ExecuteStep.java:40)
	at org.gradle.internal.execution.steps.ExecuteStep$1.call(ExecuteStep.java:53)
	at org.gradle.internal.execution.steps.ExecuteStep$1.call(ExecuteStep.java:50)
	at org.gradle.internal.operations.DefaultBuildOperationRunner$CallableBuildOperationWorker.execute(DefaultBuildOperationRunner.java:204)
	at org.gradle.internal.operations.DefaultBuildOperationRunner$CallableBuildOperationWorker.execute(DefaultBuildOperationRunner.java:199)
	at org.gradle.internal.operations.DefaultBuildOperationRunner$2.execute(DefaultBuildOperationRunner.java:66)
	at org.gradle.internal.operations.DefaultBuildOperationRunner$2.execute(DefaultBuildOperationRunner.java:59)
	at org.gradle.internal.operations.DefaultBuildOperationRunner.execute(DefaultBuildOperationRunner.java:157)
	at org.gradle.internal.operations.DefaultBuildOperationRunner.execute(DefaultBuildOperationRunner.java:59)
	at org.gradle.internal.operations.DefaultBuildOperationRunner.call(DefaultBuildOperationRunner.java:53)
	at org.gradle.internal.operations.DefaultBuildOperationExecutor.call(DefaultBuildOperationExecutor.java:73)
	at org.gradle.internal.execution.steps.ExecuteStep.execute(ExecuteStep.java:50)
	at org.gradle.internal.execution.steps.ExecuteStep.execute(ExecuteStep.java:40)
	at org.gradle.internal.execution.steps.RemovePreviousOutputsStep.execute(RemovePreviousOutputsStep.java:68)
	at org.gradle.internal.execution.steps.RemovePreviousOutputsStep.execute(RemovePreviousOutputsStep.java:38)
	at org.gradle.internal.execution.steps.CancelExecutionStep.execute(CancelExecutionStep.java:41)
	at org.gradle.internal.execution.steps.TimeoutStep.executeWithoutTimeout(TimeoutStep.java:74)
	at org.gradle.internal.execution.steps.TimeoutStep.execute(TimeoutStep.java:55)
	at org.gradle.internal.execution.steps.CreateOutputsStep.execute(CreateOutputsStep.java:51)
	at org.gradle.internal.execution.steps.CreateOutputsStep.execute(CreateOutputsStep.java:29)
	at org.gradle.internal.execution.steps.CaptureStateAfterExecutionStep.executeDelegateBroadcastingChanges(CaptureStateAfterExecutionStep.java:124)
	at org.gradle.internal.execution.steps.CaptureStateAfterExecutionStep.execute(CaptureStateAfterExecutionStep.java:80)
	at org.gradle.internal.execution.steps.CaptureStateAfterExecutionStep.execute(CaptureStateAfterExecutionStep.java:58)
	at org.gradle.internal.execution.steps.ResolveInputChangesStep.execute(ResolveInputChangesStep.java:48)
	at org.gradle.internal.execution.steps.ResolveInputChangesStep.execute(ResolveInputChangesStep.java:36)
	at org.gradle.internal.execution.steps.BuildCacheStep.executeWithoutCache(BuildCacheStep.java:181)
	at org.gradle.internal.execution.steps.BuildCacheStep.lambda$execute$1(BuildCacheStep.java:71)
	at org.gradle.internal.Either$Right.fold(Either.java:175)
	at org.gradle.internal.execution.caching.CachingState.fold(CachingState.java:59)
	at org.gradle.internal.execution.steps.BuildCacheStep.execute(BuildCacheStep.java:69)
	at org.gradle.internal.execution.steps.BuildCacheStep.execute(BuildCacheStep.java:47)
	at org.gradle.internal.execution.steps.StoreExecutionStateStep.execute(StoreExecutionStateStep.java:36)
	at org.gradle.internal.execution.steps.StoreExecutionStateStep.execute(StoreExecutionStateStep.java:25)
	at org.gradle.internal.execution.steps.RecordOutputsStep.execute(RecordOutputsStep.java:36)
	at org.gradle.internal.execution.steps.RecordOutputsStep.execute(RecordOutputsStep.java:22)
	at org.gradle.internal.execution.steps.SkipUpToDateStep.executeBecause(SkipUpToDateStep.java:110)
	at org.gradle.internal.execution.steps.SkipUpToDateStep.lambda$execute$2(SkipUpToDateStep.java:56)
	at java.base/java.util.Optional.orElseGet(Optional.java:369)
	at org.gradle.internal.execution.steps.SkipUpToDateStep.execute(SkipUpToDateStep.java:56)
	at org.gradle.internal.execution.steps.SkipUpToDateStep.execute(SkipUpToDateStep.java:38)
	at org.gradle.internal.execution.steps.ResolveChangesStep.execute(ResolveChangesStep.java:73)
	at org.gradle.internal.execution.steps.ResolveChangesStep.execute(ResolveChangesStep.java:44)
	at org.gradle.internal.execution.steps.legacy.MarkSnapshottingInputsFinishedStep.execute(MarkSnapshottingInputsFinishedStep.java:37)
	at org.gradle.internal.execution.steps.legacy.MarkSnapshottingInputsFinishedStep.execute(MarkSnapshottingInputsFinishedStep.java:27)
	at org.gradle.internal.execution.steps.ResolveCachingStateStep.execute(ResolveCachingStateStep.java:89)
	at org.gradle.internal.execution.steps.ResolveCachingStateStep.execute(ResolveCachingStateStep.java:50)
	at org.gradle.internal.execution.steps.ValidateStep.execute(ValidateStep.java:114)
	at org.gradle.internal.execution.steps.ValidateStep.execute(ValidateStep.java:57)
	at org.gradle.internal.execution.steps.CaptureStateBeforeExecutionStep.execute(CaptureStateBeforeExecutionStep.java:76)
	at org.gradle.internal.execution.steps.CaptureStateBeforeExecutionStep.execute(CaptureStateBeforeExecutionStep.java:50)
	at org.gradle.internal.execution.steps.SkipEmptyWorkStep.executeWithNoEmptySources(SkipEmptyWorkStep.java:254)
	at org.gradle.internal.execution.steps.SkipEmptyWorkStep.execute(SkipEmptyWorkStep.java:91)
	at org.gradle.internal.execution.steps.SkipEmptyWorkStep.execute(SkipEmptyWorkStep.java:56)
	at org.gradle.internal.execution.steps.RemoveUntrackedExecutionStateStep.execute(RemoveUntrackedExecutionStateStep.java:32)
	at org.gradle.internal.execution.steps.RemoveUntrackedExecutionStateStep.execute(RemoveUntrackedExecutionStateStep.java:21)
	at org.gradle.internal.execution.steps.legacy.MarkSnapshottingInputsStartedStep.execute(MarkSnapshottingInputsStartedStep.java:38)
	at org.gradle.internal.execution.steps.LoadPreviousExecutionStateStep.execute(LoadPreviousExecutionStateStep.java:43)
	at org.gradle.internal.execution.steps.LoadPreviousExecutionStateStep.execute(LoadPreviousExecutionStateStep.java:31)
	at org.gradle.internal.execution.steps.AssignWorkspaceStep.lambda$execute$0(AssignWorkspaceStep.java:40)
	at org.gradle.internal.execution.workspace.impl.DefaultImmutableWorkspaceProvider.lambda$withWorkspace$3(DefaultImmutableWorkspaceProvider.java:124)
	at org.gradle.cache.internal.LockOnDemandCrossProcessCacheAccess.withFileLock(LockOnDemandCrossProcessCacheAccess.java:90)
	at org.gradle.cache.internal.DefaultCacheAccess.withFileLock(DefaultCacheAccess.java:191)
	at org.gradle.cache.internal.DefaultPersistentDirectoryStore.withFileLock(DefaultPersistentDirectoryStore.java:188)
	at org.gradle.cache.internal.DefaultCacheFactory$ReferenceTrackingCache.withFileLock(DefaultCacheFactory.java:209)
	at org.gradle.internal.execution.workspace.impl.DefaultImmutableWorkspaceProvider.withWorkspace(DefaultImmutableWorkspaceProvider.java:121)
	at org.gradle.internal.execution.steps.AssignWorkspaceStep.execute(AssignWorkspaceStep.java:40)
	at org.gradle.internal.execution.steps.AssignWorkspaceStep.execute(AssignWorkspaceStep.java:30)
	at org.gradle.internal.execution.steps.IdentityCacheStep.execute(IdentityCacheStep.java:37)
	at org.gradle.internal.execution.steps.IdentityCacheStep.lambda$executeDeferred$0(IdentityCacheStep.java:49)
	at org.gradle.cache.Cache.lambda$get$0(Cache.java:31)
	at java.base/java.util.concurrent.ConcurrentHashMap.computeIfAbsent(ConcurrentHashMap.java:1737)
	at org.gradle.cache.ManualEvictionInMemoryCache.get(ManualEvictionInMemoryCache.java:30)
	at org.gradle.cache.internal.DefaultCrossBuildInMemoryCacheFactory$CrossBuildCacheRetainingDataFromPreviousBuild.get(DefaultCrossBuildInMemoryCacheFactory.java:255)
	at org.gradle.cache.Cache.get(Cache.java:31)
	at org.gradle.internal.execution.steps.IdentityCacheStep.lambda$executeDeferred$1(IdentityCacheStep.java:47)
	... 28 more
Caused by: com.android.tools.r8.CompilationFailedException: Compilation failed to complete
	at Version.fakeStackEntry(Version_4.0.52.java:0)
	at com.android.tools.r8.internal.vk.a(R8_4.0.52_5a340ca2823c7e792fe09805c75f749b9d398d230bc0518bb54ae9b6b50addbe:75)
	at com.android.tools.r8.internal.vk.a(R8_4.0.52_5a340ca2823c7e792fe09805c75f749b9d398d230bc0518bb54ae9b6b50addbe:28)
	at com.android.tools.r8.internal.vk.a(R8_4.0.52_5a340ca2823c7e792fe09805c75f749b9d398d230bc0518bb54ae9b6b50addbe:27)
	at com.android.tools.r8.internal.vk.b(R8_4.0.52_5a340ca2823c7e792fe09805c75f749b9d398d230bc0518bb54ae9b6b50addbe:2)
	at com.android.tools.r8.D8.run(R8_4.0.52_5a340ca2823c7e792fe09805c75f749b9d398d230bc0518bb54ae9b6b50addbe:11)
	at com.android.builder.dexing.D8DexArchiveBuilder.convert(D8DexArchiveBuilder.java:120)
	... 120 more
Caused by: com.android.tools.r8.kotlin.H
	at com.android.tools.r8.kotlin.j.a(R8_4.0.52_5a340ca2823c7e792fe09805c75f749b9d398d230bc0518bb54ae9b6b50addbe:42)
	at com.android.tools.r8.internal.OB.a(R8_4.0.52_5a340ca2823c7e792fe09805c75f749b9d398d230bc0518bb54ae9b6b50addbe:43)
	at com.android.tools.r8.utils.x.a(R8_4.0.52_5a340ca2823c7e792fe09805c75f749b9d398d230bc0518bb54ae9b6b50addbe:41)
	at com.android.tools.r8.utils.x.a(R8_4.0.52_5a340ca2823c7e792fe09805c75f749b9d398d230bc0518bb54ae9b6b50addbe:46)
	at com.android.tools.r8.utils.x.a(R8_4.0.52_5a340ca2823c7e792fe09805c75f749b9d398d230bc0518bb54ae9b6b50addbe:40)
	at com.google.common.util.concurrent.TrustedListenableFutureTask$TrustedFutureInterruptibleTask.runInterruptibly(TrustedListenableFutureTask.java:125)
	at com.google.common.util.concurrent.InterruptibleTask.run(InterruptibleTask.java:69)
	at com.google.common.util.concurrent.TrustedListenableFutureTask.run(TrustedListenableFutureTask.java:78)
	at com.google.common.util.concurrent.MoreExecutors$DirectExecutorService.execute(MoreExecutors.java:321)
	at java.base/java.util.concurrent.AbstractExecutorService.submit(AbstractExecutorService.java:140)
	at com.google.common.util.concurrent.AbstractListeningExecutorService.submit(AbstractListeningExecutorService.java:66)
	at com.google.common.util.concurrent.AbstractListeningExecutorService.submit(AbstractListeningExecutorService.java:36)
	at com.android.tools.r8.utils.x.a(R8_4.0.52_5a340ca2823c7e792fe09805c75f749b9d398d230bc0518bb54ae9b6b50addbe:39)
	at java.base/java.util.ArrayList.forEach(ArrayList.java:1541)
	at com.android.tools.r8.utils.x.a(R8_4.0.52_5a340ca2823c7e792fe09805c75f749b9d398d230bc0518bb54ae9b6b50addbe:9)
	at com.android.tools.r8.utils.x.a(R8_4.0.52_5a340ca2823c7e792fe09805c75f749b9d398d230bc0518bb54ae9b6b50addbe:45)
	at com.android.tools.r8.utils.x.a(R8_4.0.52_5a340ca2823c7e792fe09805c75f749b9d398d230bc0518bb54ae9b6b50addbe:43)
	at com.android.tools.r8.utils.x.a(R8_4.0.52_5a340ca2823c7e792fe09805c75f749b9d398d230bc0518bb54ae9b6b50addbe:42)
	at com.android.tools.r8.internal.OB.a(R8_4.0.52_5a340ca2823c7e792fe09805c75f749b9d398d230bc0518bb54ae9b6b50addbe:35)
	at com.android.tools.r8.D8.b(R8_4.0.52_5a340ca2823c7e792fe09805c75f749b9d398d230bc0518bb54ae9b6b50addbe:9)
	at com.android.tools.r8.internal.H20.a(R8_4.0.52_5a340ca2823c7e792fe09805c75f749b9d398d230bc0518bb54ae9b6b50addbe:50)
	at com.android.tools.r8.D8.a(R8_4.0.52_5a340ca2823c7e792fe09805c75f749b9d398d230bc0518bb54ae9b6b50addbe:90)
	at com.android.tools.r8.D8.d(R8_4.0.52_5a340ca2823c7e792fe09805c75f749b9d398d230bc0518bb54ae9b6b50addbe:154)
	at com.android.tools.r8.D8.b(R8_4.0.52_5a340ca2823c7e792fe09805c75f749b9d398d230bc0518bb54ae9b6b50addbe:1)
	at com.android.tools.r8.internal.vk.a(R8_4.0.52_5a340ca2823c7e792fe09805c75f749b9d398d230bc0518bb54ae9b6b50addbe:24)
	... 123 more
	Suppressed: java.lang.RuntimeException: java.util.concurrent.ExecutionException: com.android.tools.r8.kotlin.H
		at com.android.tools.r8.D8.d(R8_4.0.52_5a340ca2823c7e792fe09805c75f749b9d398d230bc0518bb54ae9b6b50addbe:174)
		... 125 more
	Caused by: java.util.concurrent.ExecutionException: com.android.tools.r8.kotlin.H
		at com.google.common.util.concurrent.AbstractFuture.getDoneValue(AbstractFuture.java:566)
		at com.google.common.util.concurrent.AbstractFuture.get(AbstractFuture.java:527)
		at com.google.common.util.concurrent.FluentFuture$TrustedFuture.get(FluentFuture.java:88)
		at com.android.tools.r8.utils.x.a(R8_4.0.52_5a340ca2823c7e792fe09805c75f749b9d398d230bc0518bb54ae9b6b50addbe:14)
		at com.android.tools.r8.utils.x.a(R8_4.0.52_5a340ca2823c7e792fe09805c75f749b9d398d230bc0518bb54ae9b6b50addbe:45)
		at com.android.tools.r8.utils.x.a(R8_4.0.52_5a340ca2823c7e792fe09805c75f749b9d398d230bc0518bb54ae9b6b50addbe:43)
		at com.android.tools.r8.utils.x.a(R8_4.0.52_5a340ca2823c7e792fe09805c75f749b9d398d230bc0518bb54ae9b6b50addbe:42)
		at com.android.tools.r8.internal.OB.a(R8_4.0.52_5a340ca2823c7e792fe09805c75f749b9d398d230bc0518bb54ae9b6b50addbe:35)
		at com.android.tools.r8.D8.b(R8_4.0.52_5a340ca2823c7e792fe09805c75f749b9d398d230bc0518bb54ae9b6b50addbe:9)
		at com.android.tools.r8.internal.H20.a(R8_4.0.52_5a340ca2823c7e792fe09805c75f749b9d398d230bc0518bb54ae9b6b50addbe:50)
		at com.android.tools.r8.D8.a(R8_4.0.52_5a340ca2823c7e792fe09805c75f749b9d398d230bc0518bb54ae9b6b50addbe:90)
		at com.android.tools.r8.D8.d(R8_4.0.52_5a340ca2823c7e792fe09805c75f749b9d398d230bc0518bb54ae9b6b50addbe:154)
		... 125 more
	[CIRCULAR REFERENCE:com.android.tools.r8.kotlin.H]


* Get more help at https://help.gradle.org

BUILD FAILED in 2m 37s
96 actionable tasks: 80 executed, 16 up-to-date
